source,frame_index,visible,x1,y1,x2,y2,note
/Users/bround/Documents/Projects/GimbalProject/test_videos/f2_13_IR_dji_mavic_2.mp4,3,1,240,267,268,280,manual
/Users/bround/Documents/Projects/GimbalProject/test_videos/f2_13_IR_dji_mavic_2.mp4,4,1,237,267,265,280,propagated:0.935
/Users/bround/Documents/Projects/GimbalProject/test_videos/f2_13_IR_dji_mavic_2.mp4,5,1,236,267,264,280,propagated:0.942
/Users/bround/Documents/Projects/GimbalProject/test_videos/f2_13_IR_dji_mavic_2.mp4,6,1,236,267,264,280,propagated:0.923
/Users/bround/Documents/Projects/GimbalProject/test_videos/f2_13_IR_dji_mavic_2.mp4,7,1,236,266,264,279,propagated:0.950
/Users/bround/Documents/Projects/GimbalProject/test_videos/f2_13_IR_dji_mavic_2.mp4,8,1,236,266,264,279,propagated:0.960
/Users/bround/Documents/Projects/GimbalProject/test_videos/f2_13_IR_dji_mavic_2.mp4,9,1,235,266,263,279,propagated:0.971
/Users/bround/Documents/Projects/GimbalProject/test_videos/f2_13_IR_dji_mavic_2.mp4,10,1,233,265,261,278,propagated:0.945
/Users/bround/Documents/Projects/GimbalProject/test_videos/f2_13_IR_dji_mavic_2.mp4,11,1,231,265,259,278,propagated:0.973
/Users/bround/Documents/Projects/GimbalProject/test_videos/f2_13_IR_dji_mavic_2.mp4,12,1,229,266,257,279,propagated:0.956
/Users/bround/Documents/Projects/GimbalProject/test_videos/f2_13_IR_dji_mavic_2.mp4,13,1,227,265,255,278,propagated:0.977
/Users/bround/Documents/Projects/GimbalProject/test_videos/f2_13_IR_dji_mavic_2.mp4,14,1,227,265,255,278,propagated:0.968
/Users/bround/Documents/Projects/GimbalProject/test_videos/f2_13_IR_dji_mavic_2.mp4,15,1,226,265,254,278,propagated:0.990
/Users/bround/Documents/Projects/GimbalProject/test_videos/f2_13_IR_dji_mavic_2.mp4,16,1,225,265,253,278,propagated:0.986
/Users/bround/Documents/Projects/GimbalProject/test_videos/f2_13_IR_dji_mavic_2.mp4,17,1,225,264,253,277,propagated:0.952
/Users/bround/Documents/Projects/GimbalProject/test_videos/f2_13_IR_dji_mavic_2.mp4,18,1,224,264,252,277,propagated:0.979
/Users/bround/Documents/Projects/GimbalProject/test_videos/f2_13_IR_dji_mavic_2.mp4,19,1,223,263,251,276,propagated:0.968
/Users/bround/Documents/Projects/GimbalProject/test_videos/f2_13_IR_dji_mavic_2.mp4,20,1,222,263,250,276,propagated:0.985
/Users/bround/Documents/Projects/GimbalProject/test_videos/f2_13_IR_dji_mavic_2.mp4,21,1,220,263,248,276,propagated:0.991
/Users/bround/Documents/Projects/GimbalProject/test_videos/f2_13_IR_dji_mavic_2.mp4,22,1,218,263,246,276,propagated:0.989
/Users/bround/Documents/Projects/GimbalProject/test_videos/f2_13_IR_dji_mavic_2.mp4,23,1,217,263,245,276,propagated:0.991
/Users/bround/Documents/Projects/GimbalProject/test_videos/f2_13_IR_dji_mavic_2.mp4,24,1,216,263,244,276,propagated:0.979
/Users/bround/Documents/Projects/GimbalProject/test_videos/f2_13_IR_dji_mavic_2.mp4,25,1,216,263,244,276,propagated:0.974
/Users/bround/Documents/Projects/GimbalProject/test_videos/f2_13_IR_dji_mavic_2.mp4,26,1,215,262,243,275,propagated:0.978
/Users/bround/Documents/Projects/GimbalProject/test_videos/f2_13_IR_dji_mavic_2.mp4,27,1,216,262,244,275,propagated:0.986
/Users/bround/Documents/Projects/GimbalProject/test_videos/f2_13_IR_dji_mavic_2.mp4,28,1,215,262,243,275,propagated:0.983
/Users/bround/Documents/Projects/GimbalProject/test_videos/f2_13_IR_dji_mavic_2.mp4,29,1,215,262,243,275,propagated:0.993
/Users/bround/Documents/Projects/GimbalProject/test_videos/f2_13_IR_dji_mavic_2.mp4,30,1,214,261,242,274,propagated:0.979
/Users/bround/Documents/Projects/GimbalProject/test_videos/f2_13_IR_dji_mavic_2.mp4,31,1,214,261,242,274,propagated:0.970
/Users/bround/Documents/Projects/GimbalProject/test_videos/f2_13_IR_dji_mavic_2.mp4,32,1,214,262,242,275,propagated:0.967
/Users/bround/Documents/Projects/GimbalProject/test_videos/f2_13_IR_dji_mavic_2.mp4,33,1,214,262,242,275,propagated:0.973
/Users/bround/Documents/Projects/GimbalProject/test_videos/f2_13_IR_dji_mavic_2.mp4,34,1,214,261,242,274,propagated:0.988
/Users/bround/Documents/Projects/GimbalProject/test_videos/f2_13_IR_dji_mavic_2.mp4,35,1,214,262,242,275,propagated:0.977
/Users/bround/Documents/Projects/GimbalProject/test_videos/f2_13_IR_dji_mavic_2.mp4,36,1,213,262,241,275,propagated:0.975
/Users/bround/Documents/Projects/GimbalProject/test_videos/f2_13_IR_dji_mavic_2.mp4,37,1,212,262,240,275,propagated:0.985
/Users/bround/Documents/Projects/GimbalProject/test_videos/f2_13_IR_dji_mavic_2.mp4,38,1,212,263,240,276,propagated:0.984
/Users/bround/Documents/Projects/GimbalProject/test_videos/f2_13_IR_dji_mavic_2.mp4,39,1,210,263,238,276,propagated:0.986
/Users/bround/Documents/Projects/GimbalProject/test_videos/f2_13_IR_dji_mavic_2.mp4,40,1,209,263,237,276,propagated:0.990
/Users/bround/Documents/Projects/GimbalProject/test_videos/f2_13_IR_dji_mavic_2.mp4,41,1,207,263,235,276,propagated:0.991
/Users/bround/Documents/Projects/GimbalProject/test_videos/f2_13_IR_dji_mavic_2.mp4,42,1,205,263,233,276,propagated:0.973
/Users/bround/Documents/Projects/GimbalProject/test_videos/f2_13_IR_dji_mavic_2.mp4,43,1,203,264,231,277,propagated:0.988
/Users/bround/Documents/Projects/GimbalProject/test_videos/f2_13_IR_dji_mavic_2.mp4,44,1,202,264,230,277,propagated:0.986
/Users/bround/Documents/Projects/GimbalProject/test_videos/f2_13_IR_dji_mavic_2.mp4,45,1,202,264,230,277,propagated:0.987
/Users/bround/Documents/Projects/GimbalProject/test_videos/f2_13_IR_dji_mavic_2.mp4,46,1,201,264,229,277,propagated:0.966
/Users/bround/Documents/Projects/GimbalProject/test_videos/f2_13_IR_dji_mavic_2.mp4,47,1,200,264,228,277,propagated:0.986
/Users/bround/Documents/Projects/GimbalProject/test_videos/f2_13_IR_dji_mavic_2.mp4,48,1,200,265,228,278,propagated:0.985
/Users/bround/Documents/Projects/GimbalProject/test_videos/f2_13_IR_dji_mavic_2.mp4,49,1,199,264,227,277,propagated:0.974
/Users/bround/Documents/Projects/GimbalProject/test_videos/f2_13_IR_dji_mavic_2.mp4,50,1,198,264,226,277,propagated:0.983
/Users/bround/Documents/Projects/GimbalProject/test_videos/f2_13_IR_dji_mavic_2.mp4,51,1,198,264,226,277,propagated:0.987
/Users/bround/Documents/Projects/GimbalProject/test_videos/f2_13_IR_dji_mavic_2.mp4,52,1,199,264,227,277,propagated:0.989
/Users/bround/Documents/Projects/GimbalProject/test_videos/f2_13_IR_dji_mavic_2.mp4,53,1,199,263,227,276,propagated:0.957
/Users/bround/Documents/Projects/GimbalProject/test_videos/f2_13_IR_dji_mavic_2.mp4,54,1,200,263,228,276,propagated:0.960
/Users/bround/Documents/Projects/GimbalProject/test_videos/f2_13_IR_dji_mavic_2.mp4,55,1,201,264,229,277,propagated:0.957
/Users/bround/Documents/Projects/GimbalProject/test_videos/f2_13_IR_dji_mavic_2.mp4,56,1,201,264,229,277,propagated:0.990
/Users/bround/Documents/Projects/GimbalProject/test_videos/f2_13_IR_dji_mavic_2.mp4,57,1,202,265,230,278,propagated:0.988
/Users/bround/Documents/Projects/GimbalProject/test_videos/f2_13_IR_dji_mavic_2.mp4,58,1,202,266,230,279,propagated:0.987
/Users/bround/Documents/Projects/GimbalProject/test_videos/f2_13_IR_dji_mavic_2.mp4,59,1,203,267,231,280,propagated:0.974
/Users/bround/Documents/Projects/GimbalProject/test_videos/f2_13_IR_dji_mavic_2.mp4,60,1,204,267,232,280,propagated:0.988
/Users/bround/Documents/Projects/GimbalProject/test_videos/f2_13_IR_dji_mavic_2.mp4,61,1,205,267,233,280,propagated:0.979
/Users/bround/Documents/Projects/GimbalProject/test_videos/f2_13_IR_dji_mavic_2.mp4,62,1,206,267,234,280,propagated:0.985
/Users/bround/Documents/Projects/GimbalProject/test_videos/f2_13_IR_dji_mavic_2.mp4,63,1,207,268,235,281,propagated:0.987
/Users/bround/Documents/Projects/GimbalProject/test_videos/f2_13_IR_dji_mavic_2.mp4,64,1,207,268,235,281,propagated:0.966
/Users/bround/Documents/Projects/GimbalProject/test_videos/f2_13_IR_dji_mavic_2.mp4,65,1,208,268,236,281,propagated:0.971
/Users/bround/Documents/Projects/GimbalProject/test_videos/f2_13_IR_dji_mavic_2.mp4,66,1,208,269,236,282,propagated:0.989
/Users/bround/Documents/Projects/GimbalProject/test_videos/f2_13_IR_dji_mavic_2.mp4,67,1,209,270,237,283,propagated:0.981
/Users/bround/Documents/Projects/GimbalProject/test_videos/f2_13_IR_dji_mavic_2.mp4,68,1,209,271,237,284,propagated:0.993
/Users/bround/Documents/Projects/GimbalProject/test_videos/f2_13_IR_dji_mavic_2.mp4,69,1,209,272,237,285,propagated:0.976
/Users/bround/Documents/Projects/GimbalProject/test_videos/f2_13_IR_dji_mavic_2.mp4,70,1,209,272,237,285,propagated:0.975
/Users/bround/Documents/Projects/GimbalProject/test_videos/f2_13_IR_dji_mavic_2.mp4,71,1,209,272,237,285,propagated:0.982
/Users/bround/Documents/Projects/GimbalProject/test_videos/f2_13_IR_dji_mavic_2.mp4,72,1,207,273,235,286,propagated:0.967
/Users/bround/Documents/Projects/GimbalProject/test_videos/f2_13_IR_dji_mavic_2.mp4,73,1,206,272,234,285,propagated:0.973
/Users/bround/Documents/Projects/GimbalProject/test_videos/f2_13_IR_dji_mavic_2.mp4,74,1,207,272,235,285,propagated:0.989
/Users/bround/Documents/Projects/GimbalProject/test_videos/f2_13_IR_dji_mavic_2.mp4,75,1,208,272,236,285,propagated:0.987
/Users/bround/Documents/Projects/GimbalProject/test_videos/f2_13_IR_dji_mavic_2.mp4,76,1,210,272,238,285,propagated:0.982
/Users/bround/Documents/Projects/GimbalProject/test_videos/f2_13_IR_dji_mavic_2.mp4,77,1,209,270,237,283,propagated:0.968
/Users/bround/Documents/Projects/GimbalProject/test_videos/f2_13_IR_dji_mavic_2.mp4,78,1,210,271,238,284,propagated:0.979
/Users/bround/Documents/Projects/GimbalProject/test_videos/f2_13_IR_dji_mavic_2.mp4,79,1,211,271,239,284,propagated:0.991
/Users/bround/Documents/Projects/GimbalProject/test_videos/f2_13_IR_dji_mavic_2.mp4,80,1,212,271,240,284,propagated:0.978
/Users/bround/Documents/Projects/GimbalProject/test_videos/f2_13_IR_dji_mavic_2.mp4,81,1,212,270,240,283,propagated:0.989
/Users/bround/Documents/Projects/GimbalProject/test_videos/f2_13_IR_dji_mavic_2.mp4,82,1,212,270,240,283,propagated:0.994
/Users/bround/Documents/Projects/GimbalProject/test_videos/f2_13_IR_dji_mavic_2.mp4,83,1,212,269,240,282,propagated:0.966
/Users/bround/Documents/Projects/GimbalProject/test_videos/f2_13_IR_dji_mavic_2.mp4,84,1,212,269,240,282,propagated:0.975
/Users/bround/Documents/Projects/GimbalProject/test_videos/f2_13_IR_dji_mavic_2.mp4,85,1,212,269,240,282,propagated:0.991
/Users/bround/Documents/Projects/GimbalProject/test_videos/f2_13_IR_dji_mavic_2.mp4,86,1,212,269,240,282,propagated:0.987
/Users/bround/Documents/Projects/GimbalProject/test_videos/f2_13_IR_dji_mavic_2.mp4,87,1,212,269,240,282,propagated:0.990
/Users/bround/Documents/Projects/GimbalProject/test_videos/f2_13_IR_dji_mavic_2.mp4,88,1,212,268,240,281,propagated:0.963
/Users/bround/Documents/Projects/GimbalProject/test_videos/f2_13_IR_dji_mavic_2.mp4,89,1,213,268,241,281,propagated:0.990
/Users/bround/Documents/Projects/GimbalProject/test_videos/f2_13_IR_dji_mavic_2.mp4,90,1,213,268,241,281,propagated:0.964
/Users/bround/Documents/Projects/GimbalProject/test_videos/f2_13_IR_dji_mavic_2.mp4,91,1,214,267,242,280,propagated:0.982
/Users/bround/Documents/Projects/GimbalProject/test_videos/f2_13_IR_dji_mavic_2.mp4,92,1,214,267,242,280,propagated:0.984
/Users/bround/Documents/Projects/GimbalProject/test_videos/f2_13_IR_dji_mavic_2.mp4,93,1,214,266,242,279,propagated:0.993
/Users/bround/Documents/Projects/GimbalProject/test_videos/f2_13_IR_dji_mavic_2.mp4,94,1,214,266,242,279,propagated:0.990
/Users/bround/Documents/Projects/GimbalProject/test_videos/f2_13_IR_dji_mavic_2.mp4,95,1,215,267,243,280,propagated:0.962
/Users/bround/Documents/Projects/GimbalProject/test_videos/f2_13_IR_dji_mavic_2.mp4,96,1,215,267,243,280,propagated:0.981
/Users/bround/Documents/Projects/GimbalProject/test_videos/f2_13_IR_dji_mavic_2.mp4,97,1,216,267,244,280,propagated:0.983
/Users/bround/Documents/Projects/GimbalProject/test_videos/f2_13_IR_dji_mavic_2.mp4,98,1,216,266,244,279,propagated:0.989
/Users/bround/Documents/Projects/GimbalProject/test_videos/f2_13_IR_dji_mavic_2.mp4,99,1,216,266,244,279,propagated:0.982
/Users/bround/Documents/Projects/GimbalProject/test_videos/f2_13_IR_dji_mavic_2.mp4,100,1,216,266,244,279,propagated:0.991
/Users/bround/Documents/Projects/GimbalProject/test_videos/f2_13_IR_dji_mavic_2.mp4,101,1,216,265,244,278,propagated:0.978
/Users/bround/Documents/Projects/GimbalProject/test_videos/f2_13_IR_dji_mavic_2.mp4,102,1,215,266,243,279,propagated:0.988
/Users/bround/Documents/Projects/GimbalProject/test_videos/f2_13_IR_dji_mavic_2.mp4,103,1,214,266,242,279,propagated:0.992
/Users/bround/Documents/Projects/GimbalProject/test_videos/f2_13_IR_dji_mavic_2.mp4,104,1,213,265,241,278,propagated:0.969
/Users/bround/Documents/Projects/GimbalProject/test_videos/f2_13_IR_dji_mavic_2.mp4,105,1,213,266,241,279,propagated:0.977
/Users/bround/Documents/Projects/GimbalProject/test_videos/f2_13_IR_dji_mavic_2.mp4,106,1,213,266,241,279,propagated:0.990
/Users/bround/Documents/Projects/GimbalProject/test_videos/f2_13_IR_dji_mavic_2.mp4,107,1,213,266,241,279,propagated:0.975
/Users/bround/Documents/Projects/GimbalProject/test_videos/f2_13_IR_dji_mavic_2.mp4,108,1,214,266,242,279,propagated:0.977
/Users/bround/Documents/Projects/GimbalProject/test_videos/f2_13_IR_dji_mavic_2.mp4,109,1,216,266,244,279,propagated:0.995
/Users/bround/Documents/Projects/GimbalProject/test_videos/f2_13_IR_dji_mavic_2.mp4,110,1,218,266,246,279,propagated:0.989
/Users/bround/Documents/Projects/GimbalProject/test_videos/f2_13_IR_dji_mavic_2.mp4,111,1,219,266,247,279,propagated:0.991
/Users/bround/Documents/Projects/GimbalProject/test_videos/f2_13_IR_dji_mavic_2.mp4,112,1,220,265,248,278,propagated:0.977
/Users/bround/Documents/Projects/GimbalProject/test_videos/f2_13_IR_dji_mavic_2.mp4,113,1,222,265,250,278,propagated:0.991
/Users/bround/Documents/Projects/GimbalProject/test_videos/f2_13_IR_dji_mavic_2.mp4,114,1,223,265,251,278,propagated:0.983
/Users/bround/Documents/Projects/GimbalProject/test_videos/f2_13_IR_dji_mavic_2.mp4,115,1,223,265,251,278,propagated:0.990
/Users/bround/Documents/Projects/GimbalProject/test_videos/f2_13_IR_dji_mavic_2.mp4,116,1,224,264,252,277,propagated:0.983
/Users/bround/Documents/Projects/GimbalProject/test_videos/f2_13_IR_dji_mavic_2.mp4,117,1,225,264,253,277,propagated:0.980
/Users/bround/Documents/Projects/GimbalProject/test_videos/f2_13_IR_dji_mavic_2.mp4,118,1,226,264,254,277,propagated:0.964
/Users/bround/Documents/Projects/GimbalProject/test_videos/f2_13_IR_dji_mavic_2.mp4,119,1,227,264,255,277,propagated:0.974
/Users/bround/Documents/Projects/GimbalProject/test_videos/f2_13_IR_dji_mavic_2.mp4,120,1,227,264,255,277,propagated:0.975
/Users/bround/Documents/Projects/GimbalProject/test_videos/f2_13_IR_dji_mavic_2.mp4,121,1,228,265,256,278,propagated:0.987
/Users/bround/Documents/Projects/GimbalProject/test_videos/f2_13_IR_dji_mavic_2.mp4,122,1,228,265,256,278,propagated:0.990
/Users/bround/Documents/Projects/GimbalProject/test_videos/f2_13_IR_dji_mavic_2.mp4,123,1,228,264,256,277,propagated:0.994
/Users/bround/Documents/Projects/GimbalProject/test_videos/f2_13_IR_dji_mavic_2.mp4,124,1,227,264,255,277,propagated:0.992
/Users/bround/Documents/Projects/GimbalProject/test_videos/f2_13_IR_dji_mavic_2.mp4,125,1,226,265,254,278,propagated:0.982
/Users/bround/Documents/Projects/GimbalProject/test_videos/f2_13_IR_dji_mavic_2.mp4,126,1,223,265,251,278,propagated:0.987
/Users/bround/Documents/Projects/GimbalProject/test_videos/f2_13_IR_dji_mavic_2.mp4,127,1,222,265,250,278,propagated:0.990
/Users/bround/Documents/Projects/GimbalProject/test_videos/f2_13_IR_dji_mavic_2.mp4,128,1,221,266,249,279,propagated:0.991
/Users/bround/Documents/Projects/GimbalProject/test_videos/f2_13_IR_dji_mavic_2.mp4,129,1,220,266,248,279,propagated:0.976
/Users/bround/Documents/Projects/GimbalProject/test_videos/f2_13_IR_dji_mavic_2.mp4,130,1,219,266,247,279,propagated:0.995
/Users/bround/Documents/Projects/GimbalProject/test_videos/f2_13_IR_dji_mavic_2.mp4,131,1,218,267,246,280,propagated:0.993
/Users/bround/Documents/Projects/GimbalProject/test_videos/f2_13_IR_dji_mavic_2.mp4,132,1,216,266,244,279,propagated:0.988
/Users/bround/Documents/Projects/GimbalProject/test_videos/f2_13_IR_dji_mavic_2.mp4,133,1,214,266,242,279,propagated:0.968
/Users/bround/Documents/Projects/GimbalProject/test_videos/f2_13_IR_dji_mavic_2.mp4,134,1,213,266,241,279,propagated:0.979
/Users/bround/Documents/Projects/GimbalProject/test_videos/f2_13_IR_dji_mavic_2.mp4,135,1,212,266,240,279,propagated:0.987
/Users/bround/Documents/Projects/GimbalProject/test_videos/f2_13_IR_dji_mavic_2.mp4,136,1,212,266,240,279,propagated:0.987
/Users/bround/Documents/Projects/GimbalProject/test_videos/f2_13_IR_dji_mavic_2.mp4,137,1,213,267,241,280,propagated:0.975
/Users/bround/Documents/Projects/GimbalProject/test_videos/f2_13_IR_dji_mavic_2.mp4,138,1,212,267,240,280,propagated:0.967
/Users/bround/Documents/Projects/GimbalProject/test_videos/f2_13_IR_dji_mavic_2.mp4,139,1,211,267,239,280,propagated:0.967
/Users/bround/Documents/Projects/GimbalProject/test_videos/f2_13_IR_dji_mavic_2.mp4,140,1,209,268,237,281,propagated:0.987
/Users/bround/Documents/Projects/GimbalProject/test_videos/f2_13_IR_dji_mavic_2.mp4,141,1,208,269,236,282,propagated:0.980
/Users/bround/Documents/Projects/GimbalProject/test_videos/f2_13_IR_dji_mavic_2.mp4,142,1,208,270,236,283,propagated:0.988
/Users/bround/Documents/Projects/GimbalProject/test_videos/f2_13_IR_dji_mavic_2.mp4,143,1,206,270,234,283,propagated:0.991
/Users/bround/Documents/Projects/GimbalProject/test_videos/f2_13_IR_dji_mavic_2.mp4,144,1,205,271,233,284,propagated:0.989
/Users/bround/Documents/Projects/GimbalProject/test_videos/f2_13_IR_dji_mavic_2.mp4,145,1,203,271,231,284,propagated:0.977
/Users/bround/Documents/Projects/GimbalProject/test_videos/f2_13_IR_dji_mavic_2.mp4,146,1,201,271,229,284,propagated:0.982
/Users/bround/Documents/Projects/GimbalProject/test_videos/f2_13_IR_dji_mavic_2.mp4,147,1,199,272,227,285,propagated:0.985
/Users/bround/Documents/Projects/GimbalProject/test_videos/f2_13_IR_dji_mavic_2.mp4,148,1,196,273,224,286,propagated:0.988
/Users/bround/Documents/Projects/GimbalProject/test_videos/f2_13_IR_dji_mavic_2.mp4,149,1,193,273,221,286,propagated:0.986
/Users/bround/Documents/Projects/GimbalProject/test_videos/f2_13_IR_dji_mavic_2.mp4,150,1,191,274,219,287,propagated:0.984
/Users/bround/Documents/Projects/GimbalProject/test_videos/f2_13_IR_dji_mavic_2.mp4,151,1,188,274,216,287,propagated:0.986
/Users/bround/Documents/Projects/GimbalProject/test_videos/f2_13_IR_dji_mavic_2.mp4,152,1,185,274,213,287,propagated:0.992
/Users/bround/Documents/Projects/GimbalProject/test_videos/f2_13_IR_dji_mavic_2.mp4,153,1,183,274,211,287,propagated:0.981
/Users/bround/Documents/Projects/GimbalProject/test_videos/f2_13_IR_dji_mavic_2.mp4,154,1,181,274,209,287,propagated:0.988
/Users/bround/Documents/Projects/GimbalProject/test_videos/f2_13_IR_dji_mavic_2.mp4,155,1,181,275,209,288,propagated:0.981
/Users/bround/Documents/Projects/GimbalProject/test_videos/f2_13_IR_dji_mavic_2.mp4,156,1,181,274,209,287,propagated:0.983
/Users/bround/Documents/Projects/GimbalProject/test_videos/f2_13_IR_dji_mavic_2.mp4,157,1,181,274,209,287,propagated:0.979
/Users/bround/Documents/Projects/GimbalProject/test_videos/f2_13_IR_dji_mavic_2.mp4,158,1,181,274,209,287,propagated:0.990
/Users/bround/Documents/Projects/GimbalProject/test_videos/f2_13_IR_dji_mavic_2.mp4,159,1,180,273,208,286,propagated:0.989
/Users/bround/Documents/Projects/GimbalProject/test_videos/f2_13_IR_dji_mavic_2.mp4,160,1,179,274,207,287,propagated:0.974
/Users/bround/Documents/Projects/GimbalProject/test_videos/f2_13_IR_dji_mavic_2.mp4,161,1,178,274,206,287,propagated:0.977
/Users/bround/Documents/Projects/GimbalProject/test_videos/f2_13_IR_dji_mavic_2.mp4,162,1,175,273,203,286,propagated:0.990
/Users/bround/Documents/Projects/GimbalProject/test_videos/f2_13_IR_dji_mavic_2.mp4,163,1,171,273,199,286,propagated:0.991
/Users/bround/Documents/Projects/GimbalProject/test_videos/f2_13_IR_dji_mavic_2.mp4,164,1,168,275,196,288,propagated:0.966
/Users/bround/Documents/Projects/GimbalProject/test_videos/f2_13_IR_dji_mavic_2.mp4,165,1,165,276,193,289,propagated:0.992
/Users/bround/Documents/Projects/GimbalProject/test_videos/f2_13_IR_dji_mavic_2.mp4,166,1,163,277,191,290,propagated:0.983
/Users/bround/Documents/Projects/GimbalProject/test_videos/f2_13_IR_dji_mavic_2.mp4,167,1,162,279,190,292,propagated:0.987
/Users/bround/Documents/Projects/GimbalProject/test_videos/f2_13_IR_dji_mavic_2.mp4,168,1,163,280,191,293,propagated:0.986
/Users/bround/Documents/Projects/GimbalProject/test_videos/f2_13_IR_dji_mavic_2.mp4,169,1,164,281,192,294,propagated:0.989
/Users/bround/Documents/Projects/GimbalProject/test_videos/f2_13_IR_dji_mavic_2.mp4,170,1,164,282,192,295,propagated:0.980
/Users/bround/Documents/Projects/GimbalProject/test_videos/f2_13_IR_dji_mavic_2.mp4,171,1,165,283,193,296,propagated:0.988
/Users/bround/Documents/Projects/GimbalProject/test_videos/f2_13_IR_dji_mavic_2.mp4,172,1,165,283,193,296,propagated:0.979
/Users/bround/Documents/Projects/GimbalProject/test_videos/f2_13_IR_dji_mavic_2.mp4,173,1,165,284,193,297,propagated:0.986
/Users/bround/Documents/Projects/GimbalProject/test_videos/f2_13_IR_dji_mavic_2.mp4,174,1,164,285,192,298,propagated:0.989
/Users/bround/Documents/Projects/GimbalProject/test_videos/f2_13_IR_dji_mavic_2.mp4,175,1,163,285,191,298,propagated:0.990
/Users/bround/Documents/Projects/GimbalProject/test_videos/f2_13_IR_dji_mavic_2.mp4,176,1,162,286,190,299,propagated:0.975
/Users/bround/Documents/Projects/GimbalProject/test_videos/f2_13_IR_dji_mavic_2.mp4,177,1,161,287,189,300,propagated:0.993
/Users/bround/Documents/Projects/GimbalProject/test_videos/f2_13_IR_dji_mavic_2.mp4,178,1,160,289,188,302,propagated:0.972
/Users/bround/Documents/Projects/GimbalProject/test_videos/f2_13_IR_dji_mavic_2.mp4,179,1,159,290,187,303,propagated:0.984
/Users/bround/Documents/Projects/GimbalProject/test_videos/f2_13_IR_dji_mavic_2.mp4,180,1,157,291,185,304,propagated:0.994
/Users/bround/Documents/Projects/GimbalProject/test_videos/f2_13_IR_dji_mavic_2.mp4,181,1,154,292,182,305,propagated:0.991
/Users/bround/Documents/Projects/GimbalProject/test_videos/f2_13_IR_dji_mavic_2.mp4,182,1,152,292,180,305,propagated:0.992
/Users/bround/Documents/Projects/GimbalProject/test_videos/f2_13_IR_dji_mavic_2.mp4,183,1,150,292,178,305,propagated:0.978
/Users/bround/Documents/Projects/GimbalProject/test_videos/f2_13_IR_dji_mavic_2.mp4,184,1,149,292,177,305,propagated:0.981
/Users/bround/Documents/Projects/GimbalProject/test_videos/f2_13_IR_dji_mavic_2.mp4,185,1,148,292,176,305,propagated:0.996
/Users/bround/Documents/Projects/GimbalProject/test_videos/f2_13_IR_dji_mavic_2.mp4,186,1,148,292,176,305,propagated:0.996
/Users/bround/Documents/Projects/GimbalProject/test_videos/f2_13_IR_dji_mavic_2.mp4,187,1,148,291,176,304,propagated:0.972
/Users/bround/Documents/Projects/GimbalProject/test_videos/f2_13_IR_dji_mavic_2.mp4,188,1,149,291,177,304,propagated:0.995
/Users/bround/Documents/Projects/GimbalProject/test_videos/f2_13_IR_dji_mavic_2.mp4,189,1,149,289,177,302,propagated:0.969
/Users/bround/Documents/Projects/GimbalProject/test_videos/f2_13_IR_dji_mavic_2.mp4,190,1,150,289,178,302,propagated:0.994
/Users/bround/Documents/Projects/GimbalProject/test_videos/f2_13_IR_dji_mavic_2.mp4,191,1,151,288,179,301,propagated:0.994
/Users/bround/Documents/Projects/GimbalProject/test_videos/f2_13_IR_dji_mavic_2.mp4,192,1,151,287,179,300,propagated:0.993
/Users/bround/Documents/Projects/GimbalProject/test_videos/f2_13_IR_dji_mavic_2.mp4,193,1,150,286,178,299,propagated:0.991
/Users/bround/Documents/Projects/GimbalProject/test_videos/f2_13_IR_dji_mavic_2.mp4,194,1,148,286,176,299,propagated:0.974
/Users/bround/Documents/Projects/GimbalProject/test_videos/f2_13_IR_dji_mavic_2.mp4,195,1,147,285,175,298,propagated:0.995
/Users/bround/Documents/Projects/GimbalProject/test_videos/f2_13_IR_dji_mavic_2.mp4,196,1,146,284,174,297,propagated:0.983
/Users/bround/Documents/Projects/GimbalProject/test_videos/f2_13_IR_dji_mavic_2.mp4,197,1,145,284,173,297,propagated:0.998
/Users/bround/Documents/Projects/GimbalProject/test_videos/f2_13_IR_dji_mavic_2.mp4,198,1,144,284,172,297,propagated:0.992
/Users/bround/Documents/Projects/GimbalProject/test_videos/f2_13_IR_dji_mavic_2.mp4,199,1,142,284,170,297,propagated:0.987
/Users/bround/Documents/Projects/GimbalProject/test_videos/f2_13_IR_dji_mavic_2.mp4,200,1,140,284,168,297,propagated:0.992
/Users/bround/Documents/Projects/GimbalProject/test_videos/f2_13_IR_dji_mavic_2.mp4,201,1,138,284,166,297,propagated:0.985
/Users/bround/Documents/Projects/GimbalProject/test_videos/f2_13_IR_dji_mavic_2.mp4,202,1,137,283,165,296,propagated:0.991
/Users/bround/Documents/Projects/GimbalProject/test_videos/f2_13_IR_dji_mavic_2.mp4,203,1,137,282,165,295,propagated:0.977
/Users/bround/Documents/Projects/GimbalProject/test_videos/f2_13_IR_dji_mavic_2.mp4,204,1,138,282,166,295,propagated:0.979
/Users/bround/Documents/Projects/GimbalProject/test_videos/f2_13_IR_dji_mavic_2.mp4,205,1,137,281,165,294,propagated:0.994
/Users/bround/Documents/Projects/GimbalProject/test_videos/f2_13_IR_dji_mavic_2.mp4,206,1,136,281,164,294,propagated:0.983
/Users/bround/Documents/Projects/GimbalProject/test_videos/f2_13_IR_dji_mavic_2.mp4,207,1,135,280,163,293,propagated:0.977
/Users/bround/Documents/Projects/GimbalProject/test_videos/f2_13_IR_dji_mavic_2.mp4,208,1,135,281,163,294,propagated:0.985
/Users/bround/Documents/Projects/GimbalProject/test_videos/f2_13_IR_dji_mavic_2.mp4,209,1,133,281,161,294,propagated:0.991
/Users/bround/Documents/Projects/GimbalProject/test_videos/f2_13_IR_dji_mavic_2.mp4,210,1,132,282,160,295,propagated:0.994
/Users/bround/Documents/Projects/GimbalProject/test_videos/f2_13_IR_dji_mavic_2.mp4,211,1,129,282,157,295,propagated:0.981
/Users/bround/Documents/Projects/GimbalProject/test_videos/f2_13_IR_dji_mavic_2.mp4,212,1,127,283,155,296,propagated:0.994
/Users/bround/Documents/Projects/GimbalProject/test_videos/f2_13_IR_dji_mavic_2.mp4,213,1,125,285,153,298,propagated:0.989
/Users/bround/Documents/Projects/GimbalProject/test_videos/f2_13_IR_dji_mavic_2.mp4,214,1,123,285,151,298,propagated:0.990
/Users/bround/Documents/Projects/GimbalProject/test_videos/f2_13_IR_dji_mavic_2.mp4,215,1,120,285,148,298,propagated:0.986
/Users/bround/Documents/Projects/GimbalProject/test_videos/f2_13_IR_dji_mavic_2.mp4,216,1,119,286,147,299,propagated:0.988
/Users/bround/Documents/Projects/GimbalProject/test_videos/f2_13_IR_dji_mavic_2.mp4,217,1,118,287,146,300,propagated:0.988
/Users/bround/Documents/Projects/GimbalProject/test_videos/f2_13_IR_dji_mavic_2.mp4,218,1,118,287,146,300,propagated:0.988
/Users/bround/Documents/Projects/GimbalProject/test_videos/f2_13_IR_dji_mavic_2.mp4,219,1,118,286,146,299,propagated:0.987
/Users/bround/Documents/Projects/GimbalProject/test_videos/f2_13_IR_dji_mavic_2.mp4,220,1,119,286,147,299,propagated:0.989
/Users/bround/Documents/Projects/GimbalProject/test_videos/f2_13_IR_dji_mavic_2.mp4,221,1,119,285,147,298,propagated:0.986
/Users/bround/Documents/Projects/GimbalProject/test_videos/f2_13_IR_dji_mavic_2.mp4,222,1,119,284,147,297,propagated:0.995
/Users/bround/Documents/Projects/GimbalProject/test_videos/f2_13_IR_dji_mavic_2.mp4,223,1,119,283,147,296,propagated:0.986
/Users/bround/Documents/Projects/GimbalProject/test_videos/f2_13_IR_dji_mavic_2.mp4,224,1,117,282,145,295,propagated:0.971
/Users/bround/Documents/Projects/GimbalProject/test_videos/f2_13_IR_dji_mavic_2.mp4,225,1,116,281,144,294,propagated:0.989
/Users/bround/Documents/Projects/GimbalProject/test_videos/f2_13_IR_dji_mavic_2.mp4,226,1,114,280,142,293,propagated:0.986
/Users/bround/Documents/Projects/GimbalProject/test_videos/f2_13_IR_dji_mavic_2.mp4,227,1,112,279,140,292,propagated:0.989
/Users/bround/Documents/Projects/GimbalProject/test_videos/f2_13_IR_dji_mavic_2.mp4,228,1,110,278,138,291,propagated:0.985
/Users/bround/Documents/Projects/GimbalProject/test_videos/f2_13_IR_dji_mavic_2.mp4,229,1,111,277,139,290,propagated:0.986
/Users/bround/Documents/Projects/GimbalProject/test_videos/f2_13_IR_dji_mavic_2.mp4,230,1,112,276,140,289,propagated:0.976
/Users/bround/Documents/Projects/GimbalProject/test_videos/f2_13_IR_dji_mavic_2.mp4,231,1,114,275,142,288,propagated:0.995
/Users/bround/Documents/Projects/GimbalProject/test_videos/f2_13_IR_dji_mavic_2.mp4,232,1,116,273,144,286,propagated:0.986
/Users/bround/Documents/Projects/GimbalProject/test_videos/f2_13_IR_dji_mavic_2.mp4,233,1,118,271,146,284,propagated:0.989
/Users/bround/Documents/Projects/GimbalProject/test_videos/f2_13_IR_dji_mavic_2.mp4,234,1,118,270,146,283,propagated:0.988
/Users/bround/Documents/Projects/GimbalProject/test_videos/f2_13_IR_dji_mavic_2.mp4,235,1,118,268,146,281,propagated:0.988
/Users/bround/Documents/Projects/GimbalProject/test_videos/f2_13_IR_dji_mavic_2.mp4,236,1,117,265,145,278,propagated:0.969
/Users/bround/Documents/Projects/GimbalProject/test_videos/f2_13_IR_dji_mavic_2.mp4,237,1,117,264,145,277,propagated:0.982
/Users/bround/Documents/Projects/GimbalProject/test_videos/f2_13_IR_dji_mavic_2.mp4,238,1,115,262,143,275,propagated:0.975
/Users/bround/Documents/Projects/GimbalProject/test_videos/f2_13_IR_dji_mavic_2.mp4,239,1,113,260,141,273,propagated:0.972
/Users/bround/Documents/Projects/GimbalProject/test_videos/f2_13_IR_dji_mavic_2.mp4,240,1,111,258,139,271,propagated:0.979
/Users/bround/Documents/Projects/GimbalProject/test_videos/f2_13_IR_dji_mavic_2.mp4,241,1,109,257,137,270,propagated:0.974
/Users/bround/Documents/Projects/GimbalProject/test_videos/f2_13_IR_dji_mavic_2.mp4,242,1,107,256,135,269,propagated:0.975
/Users/bround/Documents/Projects/GimbalProject/test_videos/f2_13_IR_dji_mavic_2.mp4,243,1,104,253,132,266,propagated:0.990
/Users/bround/Documents/Projects/GimbalProject/test_videos/f2_13_IR_dji_mavic_2.mp4,244,1,101,251,129,264,propagated:0.991
/Users/bround/Documents/Projects/GimbalProject/test_videos/f2_13_IR_dji_mavic_2.mp4,245,1,99,248,127,261,propagated:0.985
/Users/bround/Documents/Projects/GimbalProject/test_videos/f2_13_IR_dji_mavic_2.mp4,246,1,100,245,128,258,propagated:0.995
/Users/bround/Documents/Projects/GimbalProject/test_videos/f2_13_IR_dji_mavic_2.mp4,247,1,104,241,132,254,propagated:0.988
/Users/bround/Documents/Projects/GimbalProject/test_videos/f2_13_IR_dji_mavic_2.mp4,248,1,109,236,137,249,propagated:0.988
/Users/bround/Documents/Projects/GimbalProject/test_videos/f2_13_IR_dji_mavic_2.mp4,249,1,107,230,135,243,propagated:0.978
/Users/bround/Documents/Projects/GimbalProject/test_videos/f2_13_IR_dji_mavic_2.mp4,250,1,105,225,133,238,propagated:0.989
/Users/bround/Documents/Projects/GimbalProject/test_videos/f2_13_IR_dji_mavic_2.mp4,251,1,104,219,132,232,propagated:0.990
/Users/bround/Documents/Projects/GimbalProject/test_videos/f2_13_IR_dji_mavic_2.mp4,252,1,106,215,134,228,propagated:0.992
/Users/bround/Documents/Projects/GimbalProject/test_videos/f2_13_IR_dji_mavic_2.mp4,253,1,111,212,139,225,propagated:0.981
/Users/bround/Documents/Projects/GimbalProject/test_videos/f2_13_IR_dji_mavic_2.mp4,254,1,114,209,142,222,propagated:0.985
/Users/bround/Documents/Projects/GimbalProject/test_videos/f2_13_IR_dji_mavic_2.mp4,255,1,118,207,146,220,propagated:0.988
/Users/bround/Documents/Projects/GimbalProject/test_videos/f2_13_IR_dji_mavic_2.mp4,256,1,125,206,153,219,propagated:0.990
/Users/bround/Documents/Projects/GimbalProject/test_videos/f2_13_IR_dji_mavic_2.mp4,257,1,132,204,160,217,propagated:0.975
/Users/bround/Documents/Projects/GimbalProject/test_videos/f2_13_IR_dji_mavic_2.mp4,258,1,139,201,167,214,propagated:0.983
/Users/bround/Documents/Projects/GimbalProject/test_videos/f2_13_IR_dji_mavic_2.mp4,259,1,145,198,173,211,propagated:0.995
/Users/bround/Documents/Projects/GimbalProject/test_videos/f2_13_IR_dji_mavic_2.mp4,260,1,151,197,179,210,propagated:0.977
/Users/bround/Documents/Projects/GimbalProject/test_videos/f2_13_IR_dji_mavic_2.mp4,261,1,159,197,187,210,propagated:0.975
/Users/bround/Documents/Projects/GimbalProject/test_videos/f2_13_IR_dji_mavic_2.mp4,262,1,165,195,193,208,propagated:0.983
/Users/bround/Documents/Projects/GimbalProject/test_videos/f2_13_IR_dji_mavic_2.mp4,263,1,170,193,198,206,propagated:0.998
/Users/bround/Documents/Projects/GimbalProject/test_videos/f2_13_IR_dji_mavic_2.mp4,264,1,174,191,202,204,propagated:0.994
/Users/bround/Documents/Projects/GimbalProject/test_videos/f2_13_IR_dji_mavic_2.mp4,265,1,179,188,207,201,propagated:0.996
/Users/bround/Documents/Projects/GimbalProject/test_videos/f2_13_IR_dji_mavic_2.mp4,266,1,184,185,212,198,propagated:0.989
/Users/bround/Documents/Projects/GimbalProject/test_videos/f2_13_IR_dji_mavic_2.mp4,267,1,189,179,217,192,propagated:0.985
/Users/bround/Documents/Projects/GimbalProject/test_videos/f2_13_IR_dji_mavic_2.mp4,268,1,195,174,223,187,propagated:0.976
/Users/bround/Documents/Projects/GimbalProject/test_videos/f2_13_IR_dji_mavic_2.mp4,269,1,201,169,229,182,propagated:0.986
/Users/bround/Documents/Projects/GimbalProject/test_videos/f2_13_IR_dji_mavic_2.mp4,270,1,207,164,235,177,propagated:0.987
/Users/bround/Documents/Projects/GimbalProject/test_videos/f2_13_IR_dji_mavic_2.mp4,271,1,213,160,241,173,propagated:0.993
/Users/bround/Documents/Projects/GimbalProject/test_videos/f2_13_IR_dji_mavic_2.mp4,272,1,218,158,246,171,propagated:0.984
/Users/bround/Documents/Projects/GimbalProject/test_videos/f2_13_IR_dji_mavic_2.mp4,273,1,222,155,250,168,propagated:0.986
/Users/bround/Documents/Projects/GimbalProject/test_videos/f2_13_IR_dji_mavic_2.mp4,274,1,227,153,255,166,propagated:0.991
/Users/bround/Documents/Projects/GimbalProject/test_videos/f2_13_IR_dji_mavic_2.mp4,275,1,231,151,259,164,propagated:0.980
/Users/bround/Documents/Projects/GimbalProject/test_videos/f2_13_IR_dji_mavic_2.mp4,276,1,236,151,264,164,propagated:0.992
/Users/bround/Documents/Projects/GimbalProject/test_videos/f2_13_IR_dji_mavic_2.mp4,277,1,242,152,270,165,propagated:0.995
/Users/bround/Documents/Projects/GimbalProject/test_videos/f2_13_IR_dji_mavic_2.mp4,278,1,246,152,274,165,propagated:0.978
/Users/bround/Documents/Projects/GimbalProject/test_videos/f2_13_IR_dji_mavic_2.mp4,279,1,251,154,279,167,propagated:0.993
/Users/bround/Documents/Projects/GimbalProject/test_videos/f2_13_IR_dji_mavic_2.mp4,280,1,255,156,283,169,propagated:0.992
/Users/bround/Documents/Projects/GimbalProject/test_videos/f2_13_IR_dji_mavic_2.mp4,281,1,262,160,290,173,propagated:0.994
/Users/bround/Documents/Projects/GimbalProject/test_videos/f2_13_IR_dji_mavic_2.mp4,282,1,268,166,296,179,propagated:0.995
/Users/bround/Documents/Projects/GimbalProject/test_videos/f2_13_IR_dji_mavic_2.mp4,283,1,274,172,302,185,propagated:0.990
/Users/bround/Documents/Projects/GimbalProject/test_videos/f2_13_IR_dji_mavic_2.mp4,284,1,280,178,308,191,propagated:0.991
/Users/bround/Documents/Projects/GimbalProject/test_videos/f2_13_IR_dji_mavic_2.mp4,285,1,286,181,314,194,propagated:0.995
/Users/bround/Documents/Projects/GimbalProject/test_videos/f2_13_IR_dji_mavic_2.mp4,286,1,291,184,319,197,propagated:0.984
/Users/bround/Documents/Projects/GimbalProject/test_videos/f2_13_IR_dji_mavic_2.mp4,287,1,296,189,324,202,propagated:0.995
/Users/bround/Documents/Projects/GimbalProject/test_videos/f2_13_IR_dji_mavic_2.mp4,288,1,300,195,328,208,propagated:0.987
/Users/bround/Documents/Projects/GimbalProject/test_videos/f2_13_IR_dji_mavic_2.mp4,289,1,304,205,332,218,propagated:0.975
/Users/bround/Documents/Projects/GimbalProject/test_videos/f2_13_IR_dji_mavic_2.mp4,290,1,308,212,336,225,propagated:0.985
/Users/bround/Documents/Projects/GimbalProject/test_videos/f2_13_IR_dji_mavic_2.mp4,291,1,309,216,337,229,propagated:0.987
/Users/bround/Documents/Projects/GimbalProject/test_videos/f2_13_IR_dji_mavic_2.mp4,292,1,311,222,339,235,propagated:0.991
/Users/bround/Documents/Projects/GimbalProject/test_videos/f2_13_IR_dji_mavic_2.mp4,293,1,310,228,338,241,propagated:0.981
/Users/bround/Documents/Projects/GimbalProject/test_videos/f2_13_IR_dji_mavic_2.mp4,294,1,305,235,333,248,propagated:0.977
/Users/bround/Documents/Projects/GimbalProject/test_videos/f2_13_IR_dji_mavic_2.mp4,295,1,298,247,326,260,propagated:0.965
/Users/bround/Documents/Projects/GimbalProject/test_videos/f2_13_IR_dji_mavic_2.mp4,296,1,286,259,314,272,propagated:0.964
/Users/bround/Documents/Projects/GimbalProject/test_videos/f2_13_IR_dji_mavic_2.mp4,297,1,271,270,299,283,propagated:0.972
/Users/bround/Documents/Projects/GimbalProject/test_videos/f2_13_IR_dji_mavic_2.mp4,298,1,260,283,288,296,propagated:0.957
/Users/bround/Documents/Projects/GimbalProject/test_videos/f2_13_IR_dji_mavic_2.mp4,299,1,255,297,283,310,propagated:0.955
/Users/bround/Documents/Projects/GimbalProject/test_videos/f2_13_IR_dji_mavic_2.mp4,300,1,257,307,285,320,propagated:0.937
/Users/bround/Documents/Projects/GimbalProject/test_videos/f2_13_IR_dji_mavic_2.mp4,301,1,263,312,291,325,propagated:0.923
/Users/bround/Documents/Projects/GimbalProject/test_videos/f2_13_IR_dji_mavic_2.mp4,302,1,272,315,300,328,propagated:0.916
/Users/bround/Documents/Projects/GimbalProject/test_videos/f2_13_IR_dji_mavic_2.mp4,303,1,282,317,310,330,propagated:0.920
/Users/bround/Documents/Projects/GimbalProject/test_videos/f2_13_IR_dji_mavic_2.mp4,304,1,290,318,318,331,propagated:0.911
/Users/bround/Documents/Projects/GimbalProject/test_videos/f2_13_IR_dji_mavic_2.mp4,305,1,294,317,322,330,propagated:0.908
/Users/bround/Documents/Projects/GimbalProject/test_videos/f2_13_IR_dji_mavic_2.mp4,306,1,298,320,326,333,propagated:0.930
/Users/bround/Documents/Projects/GimbalProject/test_videos/f2_13_IR_dji_mavic_2.mp4,307,1,301,325,329,338,propagated:0.924
/Users/bround/Documents/Projects/GimbalProject/test_videos/f2_13_IR_dji_mavic_2.mp4,308,1,304,329,332,342,propagated:0.936
/Users/bround/Documents/Projects/GimbalProject/test_videos/f2_13_IR_dji_mavic_2.mp4,309,1,309,332,337,345,propagated:0.943
/Users/bround/Documents/Projects/GimbalProject/test_videos/f2_13_IR_dji_mavic_2.mp4,310,1,313,335,341,348,propagated:0.948
/Users/bround/Documents/Projects/GimbalProject/test_videos/f2_13_IR_dji_mavic_2.mp4,311,1,317,339,345,352,propagated:0.938
/Users/bround/Documents/Projects/GimbalProject/test_videos/f2_13_IR_dji_mavic_2.mp4,312,1,320,344,348,357,propagated:0.927
/Users/bround/Documents/Projects/GimbalProject/test_videos/f2_13_IR_dji_mavic_2.mp4,313,1,324,348,352,361,propagated:0.947
/Users/bround/Documents/Projects/GimbalProject/test_videos/f2_13_IR_dji_mavic_2.mp4,314,1,328,349,356,362,propagated:0.957
/Users/bround/Documents/Projects/GimbalProject/test_videos/f2_13_IR_dji_mavic_2.mp4,315,1,333,348,361,361,propagated:0.941
/Users/bround/Documents/Projects/GimbalProject/test_videos/f2_13_IR_dji_mavic_2.mp4,316,1,338,348,366,361,propagated:0.959
/Users/bround/Documents/Projects/GimbalProject/test_videos/f2_13_IR_dji_mavic_2.mp4,317,1,344,348,372,361,propagated:0.959
/Users/bround/Documents/Projects/GimbalProject/test_videos/f2_13_IR_dji_mavic_2.mp4,318,1,350,349,378,362,propagated:0.958
/Users/bround/Documents/Projects/GimbalProject/test_videos/f2_13_IR_dji_mavic_2.mp4,319,1,353,348,381,361,propagated:0.960
/Users/bround/Documents/Projects/GimbalProject/test_videos/f2_13_IR_dji_mavic_2.mp4,320,1,358,347,386,360,propagated:0.968
/Users/bround/Documents/Projects/GimbalProject/test_videos/f2_13_IR_dji_mavic_2.mp4,321,1,361,344,389,357,propagated:0.962
/Users/bround/Documents/Projects/GimbalProject/test_videos/f2_13_IR_dji_mavic_2.mp4,322,1,363,341,391,354,propagated:0.954
/Users/bround/Documents/Projects/GimbalProject/test_videos/f2_13_IR_dji_mavic_2.mp4,323,1,367,339,395,352,propagated:0.973
/Users/bround/Documents/Projects/GimbalProject/test_videos/f2_13_IR_dji_mavic_2.mp4,324,1,371,338,399,351,propagated:0.965
/Users/bround/Documents/Projects/GimbalProject/test_videos/f2_13_IR_dji_mavic_2.mp4,325,1,376,340,404,353,propagated:0.953
/Users/bround/Documents/Projects/GimbalProject/test_videos/f2_13_IR_dji_mavic_2.mp4,326,1,380,341,408,354,propagated:0.966
/Users/bround/Documents/Projects/GimbalProject/test_videos/f2_13_IR_dji_mavic_2.mp4,327,1,384,340,412,353,propagated:0.975
/Users/bround/Documents/Projects/GimbalProject/test_videos/f2_13_IR_dji_mavic_2.mp4,328,1,388,338,416,351,propagated:0.961
/Users/bround/Documents/Projects/GimbalProject/test_videos/f2_13_IR_dji_mavic_2.mp4,329,1,393,335,421,348,propagated:0.943
/Users/bround/Documents/Projects/GimbalProject/test_videos/f2_13_IR_dji_mavic_2.mp4,330,1,398,332,426,345,propagated:0.971
/Users/bround/Documents/Projects/GimbalProject/test_videos/f2_13_IR_dji_mavic_2.mp4,331,1,403,331,431,344,propagated:0.965
/Users/bround/Documents/Projects/GimbalProject/test_videos/f2_13_IR_dji_mavic_2.mp4,332,1,410,329,438,342,propagated:0.935
/Users/bround/Documents/Projects/GimbalProject/test_videos/f2_13_IR_dji_mavic_2.mp4,333,1,419,328,447,341,propagated:0.938
/Users/bround/Documents/Projects/GimbalProject/test_videos/f2_13_IR_dji_mavic_2.mp4,334,1,428,327,456,340,propagated:0.969
/Users/bround/Documents/Projects/GimbalProject/test_videos/f2_13_IR_dji_mavic_2.mp4,335,1,439,325,467,338,propagated:0.959
/Users/bround/Documents/Projects/GimbalProject/test_videos/f2_13_IR_dji_mavic_2.mp4,336,1,449,322,477,335,propagated:0.943
/Users/bround/Documents/Projects/GimbalProject/test_videos/f2_13_IR_dji_mavic_2.mp4,337,1,458,319,486,332,propagated:0.969
/Users/bround/Documents/Projects/GimbalProject/test_videos/f2_13_IR_dji_mavic_2.mp4,338,1,466,317,494,330,propagated:0.961
/Users/bround/Documents/Projects/GimbalProject/test_videos/f2_13_IR_dji_mavic_2.mp4,339,1,473,314,501,327,propagated:0.954
/Users/bround/Documents/Projects/GimbalProject/test_videos/f2_13_IR_dji_mavic_2.mp4,340,1,480,310,508,323,propagated:0.966
/Users/bround/Documents/Projects/GimbalProject/test_videos/f2_13_IR_dji_mavic_2.mp4,341,1,486,305,514,318,propagated:0.955
/Users/bround/Documents/Projects/GimbalProject/test_videos/f2_13_IR_dji_mavic_2.mp4,342,1,491,301,519,314,propagated:0.977
/Users/bround/Documents/Projects/GimbalProject/test_videos/f2_13_IR_dji_mavic_2.mp4,343,1,497,297,525,310,propagated:0.967
/Users/bround/Documents/Projects/GimbalProject/test_videos/f2_13_IR_dji_mavic_2.mp4,344,1,501,292,529,305,propagated:0.990
/Users/bround/Documents/Projects/GimbalProject/test_videos/f2_13_IR_dji_mavic_2.mp4,345,1,505,285,533,298,propagated:0.988
/Users/bround/Documents/Projects/GimbalProject/test_videos/f2_13_IR_dji_mavic_2.mp4,346,1,511,276,539,289,propagated:0.944
/Users/bround/Documents/Projects/GimbalProject/test_videos/f2_13_IR_dji_mavic_2.mp4,347,1,517,268,545,281,propagated:0.890
/Users/bround/Documents/Projects/GimbalProject/test_videos/f2_13_IR_dji_mavic_2.mp4,348,1,522,262,550,275,propagated:0.862
/Users/bround/Documents/Projects/GimbalProject/test_videos/f2_13_IR_dji_mavic_2.mp4,349,1,527,257,555,270,propagated:0.880
/Users/bround/Documents/Projects/GimbalProject/test_videos/f2_13_IR_dji_mavic_2.mp4,350,1,531,252,559,265,propagated:0.895
/Users/bround/Documents/Projects/GimbalProject/test_videos/f2_13_IR_dji_mavic_2.mp4,351,1,533,247,561,260,propagated:0.925
/Users/bround/Documents/Projects/GimbalProject/test_videos/f2_13_IR_dji_mavic_2.mp4,352,1,535,241,563,254,propagated:0.947
/Users/bround/Documents/Projects/GimbalProject/test_videos/f2_13_IR_dji_mavic_2.mp4,353,1,536,233,564,246,propagated:0.957
/Users/bround/Documents/Projects/GimbalProject/test_videos/f2_13_IR_dji_mavic_2.mp4,354,1,536,226,564,239,propagated:0.979
/Users/bround/Documents/Projects/GimbalProject/test_videos/f2_13_IR_dji_mavic_2.mp4,355,1,534,221,562,234,propagated:0.986
/Users/bround/Documents/Projects/GimbalProject/test_videos/f2_13_IR_dji_mavic_2.mp4,356,1,529,218,557,231,propagated:0.993
/Users/bround/Documents/Projects/GimbalProject/test_videos/f2_13_IR_dji_mavic_2.mp4,357,1,523,215,551,228,propagated:0.986
/Users/bround/Documents/Projects/GimbalProject/test_videos/f2_13_IR_dji_mavic_2.mp4,358,1,516,214,544,227,propagated:0.989
/Users/bround/Documents/Projects/GimbalProject/test_videos/f2_13_IR_dji_mavic_2.mp4,359,1,510,213,538,226,propagated:0.980
/Users/bround/Documents/Projects/GimbalProject/test_videos/f2_13_IR_dji_mavic_2.mp4,360,1,504,213,532,226,propagated:0.977
/Users/bround/Documents/Projects/GimbalProject/test_videos/f2_13_IR_dji_mavic_2.mp4,361,1,498,213,526,226,propagated:0.978
/Users/bround/Documents/Projects/GimbalProject/test_videos/f2_13_IR_dji_mavic_2.mp4,362,1,491,213,519,226,propagated:0.977
/Users/bround/Documents/Projects/GimbalProject/test_videos/f2_13_IR_dji_mavic_2.mp4,363,1,466,205,530,238,manual
/Users/bround/Documents/Projects/GimbalProject/test_videos/f2_13_IR_dji_mavic_2.mp4,364,1,456,204,520,237,propagated:0.989
/Users/bround/Documents/Projects/GimbalProject/test_videos/f2_13_IR_dji_mavic_2.mp4,365,1,444,202,508,235,propagated:0.990
/Users/bround/Documents/Projects/GimbalProject/test_videos/f2_13_IR_dji_mavic_2.mp4,366,1,427,199,491,232,propagated:0.972
/Users/bround/Documents/Projects/GimbalProject/test_videos/f2_13_IR_dji_mavic_2.mp4,367,1,406,196,470,229,propagated:0.966
/Users/bround/Documents/Projects/GimbalProject/test_videos/f2_13_IR_dji_mavic_2.mp4,368,1,384,192,448,225,propagated:0.971
/Users/bround/Documents/Projects/GimbalProject/test_videos/f2_13_IR_dji_mavic_2.mp4,369,1,367,190,431,223,propagated:0.974
/Users/bround/Documents/Projects/GimbalProject/test_videos/f2_13_IR_dji_mavic_2.mp4,370,1,353,190,417,223,propagated:0.981
/Users/bround/Documents/Projects/GimbalProject/test_videos/f2_13_IR_dji_mavic_2.mp4,371,1,342,189,406,222,propagated:0.977
/Users/bround/Documents/Projects/GimbalProject/test_videos/f2_13_IR_dji_mavic_2.mp4,372,1,328,188,392,221,propagated:0.974
/Users/bround/Documents/Projects/GimbalProject/test_videos/f2_13_IR_dji_mavic_2.mp4,373,1,310,190,374,223,propagated:0.973
/Users/bround/Documents/Projects/GimbalProject/test_videos/f2_13_IR_dji_mavic_2.mp4,374,1,289,193,353,226,propagated:0.969
/Users/bround/Documents/Projects/GimbalProject/test_videos/f2_13_IR_dji_mavic_2.mp4,375,1,267,194,331,227,propagated:0.973
/Users/bround/Documents/Projects/GimbalProject/test_videos/f2_13_IR_dji_mavic_2.mp4,376,1,245,196,309,229,propagated:0.967
/Users/bround/Documents/Projects/GimbalProject/test_videos/f2_13_IR_dji_mavic_2.mp4,377,1,223,199,287,232,propagated:0.976
/Users/bround/Documents/Projects/GimbalProject/test_videos/f2_13_IR_dji_mavic_2.mp4,378,1,202,205,266,238,propagated:0.971
/Users/bround/Documents/Projects/GimbalProject/test_videos/f2_13_IR_dji_mavic_2.mp4,379,1,182,211,246,244,propagated:0.977
/Users/bround/Documents/Projects/GimbalProject/test_videos/f2_13_IR_dji_mavic_2.mp4,380,1,163,218,227,251,propagated:0.976
/Users/bround/Documents/Projects/GimbalProject/test_videos/f2_13_IR_dji_mavic_2.mp4,381,1,146,223,210,256,propagated:0.973
/Users/bround/Documents/Projects/GimbalProject/test_videos/f2_13_IR_dji_mavic_2.mp4,382,1,130,225,194,258,propagated:0.979
/Users/bround/Documents/Projects/GimbalProject/test_videos/f2_13_IR_dji_mavic_2.mp4,383,1,112,231,176,264,propagated:0.982
/Users/bround/Documents/Projects/GimbalProject/test_videos/f2_13_IR_dji_mavic_2.mp4,384,1,93,239,157,272,propagated:0.976
/Users/bround/Documents/Projects/GimbalProject/test_videos/f2_13_IR_dji_mavic_2.mp4,385,1,73,247,137,280,propagated:0.983
/Users/bround/Documents/Projects/GimbalProject/test_videos/f2_13_IR_dji_mavic_2.mp4,386,1,54,253,118,286,propagated:0.981
/Users/bround/Documents/Projects/GimbalProject/test_videos/f2_13_IR_dji_mavic_2.mp4,387,1,38,259,102,292,propagated:0.978
/Users/bround/Documents/Projects/GimbalProject/test_videos/f2_13_IR_dji_mavic_2.mp4,388,1,22,264,86,297,propagated:0.987
/Users/bround/Documents/Projects/GimbalProject/test_videos/f2_13_IR_dji_mavic_2.mp4,389,1,7,268,71,301,propagated:0.985
/Users/bround/Documents/Projects/GimbalProject/test_videos/f2_13_IR_dji_mavic_2.mp4,390,1,0,273,64,306,propagated:0.834
/Users/bround/Documents/Projects/GimbalProject/test_videos/f2_13_IR_dji_mavic_2.mp4,391,1,0,276,64,309,propagated:0.639
/Users/bround/Documents/Projects/GimbalProject/test_videos/f2_13_IR_dji_mavic_2.mp4,392,1,0,279,64,312,propagated:0.620
/Users/bround/Documents/Projects/GimbalProject/test_videos/f2_13_IR_dji_mavic_2.mp4,393,1,0,281,64,314,propagated:0.640
/Users/bround/Documents/Projects/GimbalProject/test_videos/f2_13_IR_dji_mavic_2.mp4,394,1,0,283,64,316,propagated:0.677
/Users/bround/Documents/Projects/GimbalProject/test_videos/f2_13_IR_dji_mavic_2.mp4,395,1,0,283,64,316,propagated:0.741
/Users/bround/Documents/Projects/GimbalProject/test_videos/f2_13_IR_dji_mavic_2.mp4,396,1,0,284,64,317,propagated:0.772
/Users/bround/Documents/Projects/GimbalProject/test_videos/f2_13_IR_dji_mavic_2.mp4,397,1,0,285,64,318,propagated:0.792
/Users/bround/Documents/Projects/GimbalProject/test_videos/f2_13_IR_dji_mavic_2.mp4,398,1,0,286,64,319,propagated:0.713
/Users/bround/Documents/Projects/GimbalProject/test_videos/f2_13_IR_dji_mavic_2.mp4,399,1,0,287,64,320,propagated:0.657
/Users/bround/Documents/Projects/GimbalProject/test_videos/f2_13_IR_dji_mavic_2.mp4,400,1,0,289,64,322,propagated:0.586
/Users/bround/Documents/Projects/GimbalProject/test_videos/f2_13_IR_dji_mavic_2.mp4,401,1,0,290,64,323,propagated:0.550
/Users/bround/Documents/Projects/GimbalProject/test_videos/f2_13_IR_dji_mavic_2.mp4,402,1,0,289,64,322,propagated:0.538
/Users/bround/Documents/Projects/GimbalProject/test_videos/f2_13_IR_dji_mavic_2.mp4,403,1,0,291,64,324,propagated:0.641
/Users/bround/Documents/Projects/GimbalProject/test_videos/f2_13_IR_dji_mavic_2.mp4,404,1,0,294,64,327,propagated:0.682
/Users/bround/Documents/Projects/GimbalProject/test_videos/f2_13_IR_dji_mavic_2.mp4,405,1,0,299,64,332,propagated:0.854
/Users/bround/Documents/Projects/GimbalProject/test_videos/f2_13_IR_dji_mavic_2.mp4,406,1,10,303,74,336,propagated:0.903
/Users/bround/Documents/Projects/GimbalProject/test_videos/f2_13_IR_dji_mavic_2.mp4,407,1,24,307,88,340,propagated:0.927
/Users/bround/Documents/Projects/GimbalProject/test_videos/f2_13_IR_dji_mavic_2.mp4,408,1,33,313,97,346,propagated:0.949
/Users/bround/Documents/Projects/GimbalProject/test_videos/f2_13_IR_dji_mavic_2.mp4,409,1,36,320,100,353,propagated:0.957
/Users/bround/Documents/Projects/GimbalProject/test_videos/f2_13_IR_dji_mavic_2.mp4,410,1,41,324,105,357,propagated:0.971
/Users/bround/Documents/Projects/GimbalProject/test_videos/f2_13_IR_dji_mavic_2.mp4,411,1,46,325,110,358,propagated:0.975
/Users/bround/Documents/Projects/GimbalProject/test_videos/f2_13_IR_dji_mavic_2.mp4,412,1,58,324,122,357,propagated:0.976
/Users/bround/Documents/Projects/GimbalProject/test_videos/f2_13_IR_dji_mavic_2.mp4,413,1,73,324,137,357,propagated:0.977
/Users/bround/Documents/Projects/GimbalProject/test_videos/f2_13_IR_dji_mavic_2.mp4,414,1,94,326,158,359,propagated:0.966
/Users/bround/Documents/Projects/GimbalProject/test_videos/f2_13_IR_dji_mavic_2.mp4,415,1,109,330,173,363,propagated:0.963
/Users/bround/Documents/Projects/GimbalProject/test_videos/f2_13_IR_dji_mavic_2.mp4,416,1,119,334,183,367,propagated:0.965
/Users/bround/Documents/Projects/GimbalProject/test_videos/f2_13_IR_dji_mavic_2.mp4,417,1,132,332,196,365,propagated:0.954
/Users/bround/Documents/Projects/GimbalProject/test_videos/f2_13_IR_dji_mavic_2.mp4,418,1,145,327,209,360,propagated:0.948
/Users/bround/Documents/Projects/GimbalProject/test_videos/f2_13_IR_dji_mavic_2.mp4,419,1,159,324,223,357,propagated:0.921
/Users/bround/Documents/Projects/GimbalProject/test_videos/f2_13_IR_dji_mavic_2.mp4,420,1,171,325,235,358,propagated:0.949
/Users/bround/Documents/Projects/GimbalProject/test_videos/f2_13_IR_dji_mavic_2.mp4,421,1,184,330,248,363,propagated:0.932
/Users/bround/Documents/Projects/GimbalProject/test_videos/f2_13_IR_dji_mavic_2.mp4,422,1,195,334,259,367,propagated:0.919
/Users/bround/Documents/Projects/GimbalProject/test_videos/f2_13_IR_dji_mavic_2.mp4,423,1,207,336,271,369,propagated:0.889
/Users/bround/Documents/Projects/GimbalProject/test_videos/f2_13_IR_dji_mavic_2.mp4,424,1,216,336,280,369,propagated:0.779
/Users/bround/Documents/Projects/GimbalProject/test_videos/f2_13_IR_dji_mavic_2.mp4,425,1,223,332,287,365,propagated:0.604
/Users/bround/Documents/Projects/GimbalProject/test_videos/f2_13_IR_dji_mavic_2.mp4,426,1,232,328,296,361,propagated:0.605
/Users/bround/Documents/Projects/GimbalProject/test_videos/f2_13_IR_dji_mavic_2.mp4,427,1,236,326,300,359,propagated:0.566
/Users/bround/Documents/Projects/GimbalProject/test_videos/f2_13_IR_dji_mavic_2.mp4,428,1,244,324,308,357,propagated:0.572
/Users/bround/Documents/Projects/GimbalProject/test_videos/f2_13_IR_dji_mavic_2.mp4,429,1,252,324,316,357,propagated:0.614
/Users/bround/Documents/Projects/GimbalProject/test_videos/f2_13_IR_dji_mavic_2.mp4,430,1,260,323,324,356,propagated:0.607
/Users/bround/Documents/Projects/GimbalProject/test_videos/f2_13_IR_dji_mavic_2.mp4,431,1,270,323,334,356,propagated:0.644
/Users/bround/Documents/Projects/GimbalProject/test_videos/f2_13_IR_dji_mavic_2.mp4,432,1,278,322,342,355,propagated:0.761
/Users/bround/Documents/Projects/GimbalProject/test_videos/f2_13_IR_dji_mavic_2.mp4,433,1,281,321,345,354,propagated:0.821
/Users/bround/Documents/Projects/GimbalProject/test_videos/f2_13_IR_dji_mavic_2.mp4,434,1,286,321,350,354,propagated:0.867
/Users/bround/Documents/Projects/GimbalProject/test_videos/f2_13_IR_dji_mavic_2.mp4,435,1,291,321,355,354,propagated:0.912
/Users/bround/Documents/Projects/GimbalProject/test_videos/f2_13_IR_dji_mavic_2.mp4,436,1,295,325,359,358,propagated:0.944
/Users/bround/Documents/Projects/GimbalProject/test_videos/f2_13_IR_dji_mavic_2.mp4,437,1,302,327,366,360,propagated:0.972
/Users/bround/Documents/Projects/GimbalProject/test_videos/f2_13_IR_dji_mavic_2.mp4,438,1,306,327,370,360,propagated:0.979
/Users/bround/Documents/Projects/GimbalProject/test_videos/f2_13_IR_dji_mavic_2.mp4,439,1,310,327,374,360,propagated:0.982
/Users/bround/Documents/Projects/GimbalProject/test_videos/f2_13_IR_dji_mavic_2.mp4,440,1,316,327,380,360,propagated:0.985
/Users/bround/Documents/Projects/GimbalProject/test_videos/f2_13_IR_dji_mavic_2.mp4,441,1,324,325,388,358,propagated:0.989
/Users/bround/Documents/Projects/GimbalProject/test_videos/f2_13_IR_dji_mavic_2.mp4,442,1,332,323,396,356,propagated:0.988
/Users/bround/Documents/Projects/GimbalProject/test_videos/f2_13_IR_dji_mavic_2.mp4,443,1,337,322,401,355,propagated:0.989
/Users/bround/Documents/Projects/GimbalProject/test_videos/f2_13_IR_dji_mavic_2.mp4,444,1,343,323,407,356,propagated:0.990
/Users/bround/Documents/Projects/GimbalProject/test_videos/f2_13_IR_dji_mavic_2.mp4,445,1,350,322,414,355,propagated:0.992
/Users/bround/Documents/Projects/GimbalProject/test_videos/f2_13_IR_dji_mavic_2.mp4,446,1,357,319,421,352,propagated:0.992
/Users/bround/Documents/Projects/GimbalProject/test_videos/f2_13_IR_dji_mavic_2.mp4,447,1,366,310,430,343,propagated:0.988
/Users/bround/Documents/Projects/GimbalProject/test_videos/f2_13_IR_dji_mavic_2.mp4,448,1,372,299,436,332,propagated:0.993
/Users/bround/Documents/Projects/GimbalProject/test_videos/f2_13_IR_dji_mavic_2.mp4,449,1,374,292,438,325,propagated:0.993
/Users/bround/Documents/Projects/GimbalProject/test_videos/f2_13_IR_dji_mavic_2.mp4,450,1,374,291,438,324,propagated:0.992
/Users/bround/Documents/Projects/GimbalProject/test_videos/f2_13_IR_dji_mavic_2.mp4,451,1,378,294,442,327,propagated:0.991
/Users/bround/Documents/Projects/GimbalProject/test_videos/f2_13_IR_dji_mavic_2.mp4,452,1,386,300,450,333,propagated:0.988
/Users/bround/Documents/Projects/GimbalProject/test_videos/f2_13_IR_dji_mavic_2.mp4,453,1,387,302,451,335,propagated:0.989
/Users/bround/Documents/Projects/GimbalProject/test_videos/f2_13_IR_dji_mavic_2.mp4,454,1,388,298,452,331,propagated:0.991
/Users/bround/Documents/Projects/GimbalProject/test_videos/f2_13_IR_dji_mavic_2.mp4,455,1,388,294,452,327,propagated:0.994
/Users/bround/Documents/Projects/GimbalProject/test_videos/f2_13_IR_dji_mavic_2.mp4,456,1,388,293,452,326,propagated:0.994
/Users/bround/Documents/Projects/GimbalProject/test_videos/f2_13_IR_dji_mavic_2.mp4,457,1,388,291,452,324,propagated:0.996
/Users/bround/Documents/Projects/GimbalProject/test_videos/f2_13_IR_dji_mavic_2.mp4,458,1,388,291,452,324,propagated:0.996
/Users/bround/Documents/Projects/GimbalProject/test_videos/f2_13_IR_dji_mavic_2.mp4,459,1,388,291,452,324,propagated:0.997
/Users/bround/Documents/Projects/GimbalProject/test_videos/f2_13_IR_dji_mavic_2.mp4,460,1,389,291,453,324,propagated:0.997
/Users/bround/Documents/Projects/GimbalProject/test_videos/f2_13_IR_dji_mavic_2.mp4,461,1,389,290,453,323,propagated:0.996
/Users/bround/Documents/Projects/GimbalProject/test_videos/f2_13_IR_dji_mavic_2.mp4,462,1,391,287,455,320,propagated:0.996
/Users/bround/Documents/Projects/GimbalProject/test_videos/f2_13_IR_dji_mavic_2.mp4,463,1,392,286,456,319,propagated:0.996
/Users/bround/Documents/Projects/GimbalProject/test_videos/f2_13_IR_dji_mavic_2.mp4,464,1,393,286,457,319,propagated:0.997
/Users/bround/Documents/Projects/GimbalProject/test_videos/f2_13_IR_dji_mavic_2.mp4,465,1,393,285,457,318,propagated:0.995
/Users/bround/Documents/Projects/GimbalProject/test_videos/f2_13_IR_dji_mavic_2.mp4,466,1,395,281,459,314,propagated:0.996
/Users/bround/Documents/Projects/GimbalProject/test_videos/f2_13_IR_dji_mavic_2.mp4,467,1,395,275,459,308,propagated:0.995
/Users/bround/Documents/Projects/GimbalProject/test_videos/f2_13_IR_dji_mavic_2.mp4,468,1,397,268,461,301,propagated:0.994
/Users/bround/Documents/Projects/GimbalProject/test_videos/f2_13_IR_dji_mavic_2.mp4,469,1,397,264,461,297,propagated:0.996
/Users/bround/Documents/Projects/GimbalProject/test_videos/f2_13_IR_dji_mavic_2.mp4,470,1,398,263,462,296,propagated:0.996
/Users/bround/Documents/Projects/GimbalProject/test_videos/f2_13_IR_dji_mavic_2.mp4,471,1,398,266,462,299,propagated:0.997
/Users/bround/Documents/Projects/GimbalProject/test_videos/f2_13_IR_dji_mavic_2.mp4,472,1,398,269,462,302,propagated:0.996
/Users/bround/Documents/Projects/GimbalProject/test_videos/f2_13_IR_dji_mavic_2.mp4,473,1,399,270,463,303,propagated:0.994
/Users/bround/Documents/Projects/GimbalProject/test_videos/f2_13_IR_dji_mavic_2.mp4,474,1,398,270,462,303,propagated:0.996
/Users/bround/Documents/Projects/GimbalProject/test_videos/f2_13_IR_dji_mavic_2.mp4,475,1,399,272,463,305,propagated:0.996
/Users/bround/Documents/Projects/GimbalProject/test_videos/f2_13_IR_dji_mavic_2.mp4,476,1,399,274,463,307,propagated:0.996
/Users/bround/Documents/Projects/GimbalProject/test_videos/f2_13_IR_dji_mavic_2.mp4,477,1,400,273,464,306,propagated:0.997
/Users/bround/Documents/Projects/GimbalProject/test_videos/f2_13_IR_dji_mavic_2.mp4,478,1,401,270,465,303,propagated:0.996
/Users/bround/Documents/Projects/GimbalProject/test_videos/f2_13_IR_dji_mavic_2.mp4,479,1,401,270,465,303,propagated:0.998
/Users/bround/Documents/Projects/GimbalProject/test_videos/f2_13_IR_dji_mavic_2.mp4,480,1,401,271,465,304,propagated:0.996
/Users/bround/Documents/Projects/GimbalProject/test_videos/f2_13_IR_dji_mavic_2.mp4,481,1,401,274,465,307,propagated:0.994
/Users/bround/Documents/Projects/GimbalProject/test_videos/f2_13_IR_dji_mavic_2.mp4,482,1,402,275,466,308,propagated:0.997
/Users/bround/Documents/Projects/GimbalProject/test_videos/f2_13_IR_dji_mavic_2.mp4,483,1,351,276,421,305,manual
/Users/bround/Documents/Projects/GimbalProject/test_videos/f2_13_IR_dji_mavic_2.mp4,484,1,351,277,421,306,propagated:0.996
/Users/bround/Documents/Projects/GimbalProject/test_videos/f2_13_IR_dji_mavic_2.mp4,485,1,351,274,421,303,propagated:0.995
/Users/bround/Documents/Projects/GimbalProject/test_videos/f2_13_IR_dji_mavic_2.mp4,486,1,352,274,422,303,propagated:0.988
/Users/bround/Documents/Projects/GimbalProject/test_videos/f2_13_IR_dji_mavic_2.mp4,487,1,352,279,422,308,propagated:0.993
/Users/bround/Documents/Projects/GimbalProject/test_videos/f2_13_IR_dji_mavic_2.mp4,488,1,352,283,422,312,propagated:0.994
/Users/bround/Documents/Projects/GimbalProject/test_videos/f2_13_IR_dji_mavic_2.mp4,489,1,352,284,422,313,propagated:0.991
/Users/bround/Documents/Projects/GimbalProject/test_videos/f2_13_IR_dji_mavic_2.mp4,490,1,352,283,422,312,propagated:0.997
/Users/bround/Documents/Projects/GimbalProject/test_videos/f2_13_IR_dji_mavic_2.mp4,491,1,352,285,422,314,propagated:0.993
/Users/bround/Documents/Projects/GimbalProject/test_videos/f2_13_IR_dji_mavic_2.mp4,492,1,352,290,422,319,propagated:0.991
/Users/bround/Documents/Projects/GimbalProject/test_videos/f2_13_IR_dji_mavic_2.mp4,493,1,352,293,422,322,propagated:0.996
/Users/bround/Documents/Projects/GimbalProject/test_videos/f2_13_IR_dji_mavic_2.mp4,494,1,352,294,422,323,propagated:0.997
/Users/bround/Documents/Projects/GimbalProject/test_videos/f2_13_IR_dji_mavic_2.mp4,495,1,351,300,421,329,propagated:0.983
/Users/bround/Documents/Projects/GimbalProject/test_videos/f2_13_IR_dji_mavic_2.mp4,496,1,351,312,421,341,propagated:0.975
/Users/bround/Documents/Projects/GimbalProject/test_videos/f2_13_IR_dji_mavic_2.mp4,497,1,350,321,420,350,propagated:0.993
/Users/bround/Documents/Projects/GimbalProject/test_videos/f2_13_IR_dji_mavic_2.mp4,498,1,346,323,416,352,propagated:0.984
/Users/bround/Documents/Projects/GimbalProject/test_videos/f2_13_IR_dji_mavic_2.mp4,499,1,340,323,410,352,propagated:0.985
/Users/bround/Documents/Projects/GimbalProject/test_videos/f2_13_IR_dji_mavic_2.mp4,500,1,337,320,407,349,propagated:0.989
/Users/bround/Documents/Projects/GimbalProject/test_videos/f2_13_IR_dji_mavic_2.mp4,501,1,332,317,402,346,propagated:0.981
/Users/bround/Documents/Projects/GimbalProject/test_videos/f2_13_IR_dji_mavic_2.mp4,502,1,328,318,398,347,propagated:0.986
/Users/bround/Documents/Projects/GimbalProject/test_videos/f2_13_IR_dji_mavic_2.mp4,503,1,324,320,394,349,propagated:0.985
/Users/bround/Documents/Projects/GimbalProject/test_videos/f2_13_IR_dji_mavic_2.mp4,504,1,321,321,391,350,propagated:0.985
/Users/bround/Documents/Projects/GimbalProject/test_videos/f2_13_IR_dji_mavic_2.mp4,505,1,319,320,389,349,propagated:0.989
/Users/bround/Documents/Projects/GimbalProject/test_videos/f2_13_IR_dji_mavic_2.mp4,506,1,318,321,388,350,propagated:0.991
/Users/bround/Documents/Projects/GimbalProject/test_videos/f2_13_IR_dji_mavic_2.mp4,507,1,317,323,387,352,propagated:0.988
/Users/bround/Documents/Projects/GimbalProject/test_videos/f2_13_IR_dji_mavic_2.mp4,508,1,316,324,386,353,propagated:0.991
/Users/bround/Documents/Projects/GimbalProject/test_videos/f2_13_IR_dji_mavic_2.mp4,509,1,316,324,386,353,propagated:0.994
/Users/bround/Documents/Projects/GimbalProject/test_videos/f2_13_IR_dji_mavic_2.mp4,510,1,316,324,386,353,propagated:0.990
/Users/bround/Documents/Projects/GimbalProject/test_videos/f2_13_IR_dji_mavic_2.mp4,511,1,316,323,386,352,propagated:0.992
/Users/bround/Documents/Projects/GimbalProject/test_videos/f2_13_IR_dji_mavic_2.mp4,512,1,316,321,386,350,propagated:0.990
/Users/bround/Documents/Projects/GimbalProject/test_videos/f2_13_IR_dji_mavic_2.mp4,513,1,316,320,386,349,propagated:0.991
/Users/bround/Documents/Projects/GimbalProject/test_videos/f2_13_IR_dji_mavic_2.mp4,514,1,317,324,387,353,propagated:0.990
/Users/bround/Documents/Projects/GimbalProject/test_videos/f2_13_IR_dji_mavic_2.mp4,515,1,317,327,387,356,propagated:0.990
/Users/bround/Documents/Projects/GimbalProject/test_videos/f2_13_IR_dji_mavic_2.mp4,516,1,317,324,387,353,propagated:0.982
/Users/bround/Documents/Projects/GimbalProject/test_videos/f2_13_IR_dji_mavic_2.mp4,517,1,318,318,388,347,propagated:0.981
/Users/bround/Documents/Projects/GimbalProject/test_videos/f2_13_IR_dji_mavic_2.mp4,518,1,318,313,388,342,propagated:0.989
/Users/bround/Documents/Projects/GimbalProject/test_videos/f2_13_IR_dji_mavic_2.mp4,519,1,318,313,388,342,propagated:0.991
/Users/bround/Documents/Projects/GimbalProject/test_videos/f2_13_IR_dji_mavic_2.mp4,520,1,318,314,388,343,propagated:0.993
/Users/bround/Documents/Projects/GimbalProject/test_videos/f2_13_IR_dji_mavic_2.mp4,521,1,318,316,388,345,propagated:0.990
/Users/bround/Documents/Projects/GimbalProject/test_videos/f2_13_IR_dji_mavic_2.mp4,522,1,318,318,388,347,propagated:0.992
/Users/bround/Documents/Projects/GimbalProject/test_videos/f2_13_IR_dji_mavic_2.mp4,523,1,318,317,388,346,propagated:0.990
/Users/bround/Documents/Projects/GimbalProject/test_videos/f2_13_IR_dji_mavic_2.mp4,524,1,318,316,388,345,propagated:0.991
/Users/bround/Documents/Projects/GimbalProject/test_videos/f2_13_IR_dji_mavic_2.mp4,525,1,318,318,388,347,propagated:0.992
/Users/bround/Documents/Projects/GimbalProject/test_videos/f2_13_IR_dji_mavic_2.mp4,526,1,319,322,389,351,propagated:0.993
/Users/bround/Documents/Projects/GimbalProject/test_videos/f2_13_IR_dji_mavic_2.mp4,527,1,319,320,389,349,propagated:0.992
/Users/bround/Documents/Projects/GimbalProject/test_videos/f2_13_IR_dji_mavic_2.mp4,528,1,319,316,389,345,propagated:0.985
/Users/bround/Documents/Projects/GimbalProject/test_videos/f2_13_IR_dji_mavic_2.mp4,529,1,319,313,389,342,propagated:0.993
/Users/bround/Documents/Projects/GimbalProject/test_videos/f2_13_IR_dji_mavic_2.mp4,530,1,319,313,389,342,propagated:0.991
/Users/bround/Documents/Projects/GimbalProject/test_videos/f2_13_IR_dji_mavic_2.mp4,531,1,319,317,389,346,propagated:0.990
/Users/bround/Documents/Projects/GimbalProject/test_videos/f2_13_IR_dji_mavic_2.mp4,532,1,319,321,389,350,propagated:0.992
/Users/bround/Documents/Projects/GimbalProject/test_videos/f2_13_IR_dji_mavic_2.mp4,533,1,319,323,389,352,propagated:0.989
/Users/bround/Documents/Projects/GimbalProject/test_videos/f2_13_IR_dji_mavic_2.mp4,534,1,319,325,389,354,propagated:0.993
/Users/bround/Documents/Projects/GimbalProject/test_videos/f2_13_IR_dji_mavic_2.mp4,535,1,319,324,389,353,propagated:0.994
/Users/bround/Documents/Projects/GimbalProject/test_videos/f2_13_IR_dji_mavic_2.mp4,536,1,319,322,389,351,propagated:0.992
/Users/bround/Documents/Projects/GimbalProject/test_videos/f2_13_IR_dji_mavic_2.mp4,537,1,319,322,389,351,propagated:0.995
/Users/bround/Documents/Projects/GimbalProject/test_videos/f2_13_IR_dji_mavic_2.mp4,538,1,319,322,389,351,propagated:0.994
/Users/bround/Documents/Projects/GimbalProject/test_videos/f2_13_IR_dji_mavic_2.mp4,539,1,319,321,389,350,propagated:0.995
/Users/bround/Documents/Projects/GimbalProject/test_videos/f2_13_IR_dji_mavic_2.mp4,540,1,319,320,389,349,propagated:0.992
/Users/bround/Documents/Projects/GimbalProject/test_videos/f2_13_IR_dji_mavic_2.mp4,541,1,319,319,389,348,propagated:0.992
/Users/bround/Documents/Projects/GimbalProject/test_videos/f2_13_IR_dji_mavic_2.mp4,542,1,319,317,389,346,propagated:0.993
/Users/bround/Documents/Projects/GimbalProject/test_videos/f2_13_IR_dji_mavic_2.mp4,543,1,318,316,388,345,propagated:0.994
/Users/bround/Documents/Projects/GimbalProject/test_videos/f2_13_IR_dji_mavic_2.mp4,544,1,318,315,388,344,propagated:0.990
/Users/bround/Documents/Projects/GimbalProject/test_videos/f2_13_IR_dji_mavic_2.mp4,545,1,318,314,388,343,propagated:0.996
/Users/bround/Documents/Projects/GimbalProject/test_videos/f2_13_IR_dji_mavic_2.mp4,546,1,318,314,388,343,propagated:0.990
/Users/bround/Documents/Projects/GimbalProject/test_videos/f2_13_IR_dji_mavic_2.mp4,547,1,318,314,388,343,propagated:0.995
/Users/bround/Documents/Projects/GimbalProject/test_videos/f2_13_IR_dji_mavic_2.mp4,548,1,318,316,388,345,propagated:0.990
/Users/bround/Documents/Projects/GimbalProject/test_videos/f2_13_IR_dji_mavic_2.mp4,549,1,318,318,388,347,propagated:0.993
/Users/bround/Documents/Projects/GimbalProject/test_videos/f2_13_IR_dji_mavic_2.mp4,550,1,318,319,388,348,propagated:0.994
/Users/bround/Documents/Projects/GimbalProject/test_videos/f2_13_IR_dji_mavic_2.mp4,551,1,318,320,388,349,propagated:0.990
/Users/bround/Documents/Projects/GimbalProject/test_videos/f2_13_IR_dji_mavic_2.mp4,552,1,318,322,388,351,propagated:0.991
/Users/bround/Documents/Projects/GimbalProject/test_videos/f2_13_IR_dji_mavic_2.mp4,553,1,318,324,388,353,propagated:0.993
/Users/bround/Documents/Projects/GimbalProject/test_videos/f2_13_IR_dji_mavic_2.mp4,554,1,318,325,388,354,propagated:0.990
/Users/bround/Documents/Projects/GimbalProject/test_videos/f2_13_IR_dji_mavic_2.mp4,555,1,318,326,388,355,propagated:0.996
/Users/bround/Documents/Projects/GimbalProject/test_videos/f2_13_IR_dji_mavic_2.mp4,556,1,318,328,388,357,propagated:0.990
/Users/bround/Documents/Projects/GimbalProject/test_videos/f2_13_IR_dji_mavic_2.mp4,557,1,318,329,388,358,propagated:0.994
/Users/bround/Documents/Projects/GimbalProject/test_videos/f2_13_IR_dji_mavic_2.mp4,558,1,318,329,388,358,propagated:0.994
/Users/bround/Documents/Projects/GimbalProject/test_videos/f2_13_IR_dji_mavic_2.mp4,559,1,318,331,388,360,propagated:0.993
/Users/bround/Documents/Projects/GimbalProject/test_videos/f2_13_IR_dji_mavic_2.mp4,560,1,318,332,388,361,propagated:0.993
/Users/bround/Documents/Projects/GimbalProject/test_videos/f2_13_IR_dji_mavic_2.mp4,561,1,318,333,388,362,propagated:0.991
/Users/bround/Documents/Projects/GimbalProject/test_videos/f2_13_IR_dji_mavic_2.mp4,562,1,318,334,388,363,propagated:0.994
/Users/bround/Documents/Projects/GimbalProject/test_videos/f2_13_IR_dji_mavic_2.mp4,563,1,318,334,388,363,propagated:0.990
/Users/bround/Documents/Projects/GimbalProject/test_videos/f2_13_IR_dji_mavic_2.mp4,564,1,318,335,388,364,propagated:0.992
/Users/bround/Documents/Projects/GimbalProject/test_videos/f2_13_IR_dji_mavic_2.mp4,565,1,318,337,388,366,propagated:0.992
/Users/bround/Documents/Projects/GimbalProject/test_videos/f2_13_IR_dji_mavic_2.mp4,566,1,318,338,388,367,propagated:0.996
/Users/bround/Documents/Projects/GimbalProject/test_videos/f2_13_IR_dji_mavic_2.mp4,567,1,318,339,388,368,propagated:0.989
/Users/bround/Documents/Projects/GimbalProject/test_videos/f2_13_IR_dji_mavic_2.mp4,568,1,318,341,388,370,propagated:0.994
/Users/bround/Documents/Projects/GimbalProject/test_videos/f2_13_IR_dji_mavic_2.mp4,569,1,318,342,388,371,propagated:0.995
/Users/bround/Documents/Projects/GimbalProject/test_videos/f2_13_IR_dji_mavic_2.mp4,570,1,318,343,388,372,propagated:0.996
/Users/bround/Documents/Projects/GimbalProject/test_videos/f2_13_IR_dji_mavic_2.mp4,571,1,318,345,388,374,propagated:0.990
/Users/bround/Documents/Projects/GimbalProject/test_videos/f2_13_IR_dji_mavic_2.mp4,572,1,318,347,388,376,propagated:0.993
/Users/bround/Documents/Projects/GimbalProject/test_videos/f2_13_IR_dji_mavic_2.mp4,573,1,318,348,388,377,propagated:0.995
/Users/bround/Documents/Projects/GimbalProject/test_videos/f2_13_IR_dji_mavic_2.mp4,574,1,318,349,388,378,propagated:0.994
/Users/bround/Documents/Projects/GimbalProject/test_videos/f2_13_IR_dji_mavic_2.mp4,575,1,318,349,388,378,propagated:0.989
/Users/bround/Documents/Projects/GimbalProject/test_videos/f2_13_IR_dji_mavic_2.mp4,576,1,318,350,388,379,propagated:0.988
/Users/bround/Documents/Projects/GimbalProject/test_videos/f2_13_IR_dji_mavic_2.mp4,577,1,318,349,388,378,propagated:0.992
/Users/bround/Documents/Projects/GimbalProject/test_videos/f2_13_IR_dji_mavic_2.mp4,578,1,318,348,388,377,propagated:0.992
/Users/bround/Documents/Projects/GimbalProject/test_videos/f2_13_IR_dji_mavic_2.mp4,579,1,318,348,388,377,propagated:0.993
/Users/bround/Documents/Projects/GimbalProject/test_videos/f2_13_IR_dji_mavic_2.mp4,580,1,318,348,388,377,propagated:0.992
/Users/bround/Documents/Projects/GimbalProject/test_videos/f2_13_IR_dji_mavic_2.mp4,581,1,318,348,388,377,propagated:0.994
/Users/bround/Documents/Projects/GimbalProject/test_videos/f2_13_IR_dji_mavic_2.mp4,582,1,318,348,388,377,propagated:0.994
/Users/bround/Documents/Projects/GimbalProject/test_videos/f2_13_IR_dji_mavic_2.mp4,583,1,318,349,388,378,propagated:0.987
/Users/bround/Documents/Projects/GimbalProject/test_videos/f2_13_IR_dji_mavic_2.mp4,584,1,318,348,388,377,propagated:0.990
/Users/bround/Documents/Projects/GimbalProject/test_videos/f2_13_IR_dji_mavic_2.mp4,585,1,318,345,388,374,propagated:0.992
/Users/bround/Documents/Projects/GimbalProject/test_videos/f2_13_IR_dji_mavic_2.mp4,586,1,317,343,387,372,propagated:0.990
/Users/bround/Documents/Projects/GimbalProject/test_videos/f2_13_IR_dji_mavic_2.mp4,587,1,317,345,387,374,propagated:0.992
/Users/bround/Documents/Projects/GimbalProject/test_videos/f2_13_IR_dji_mavic_2.mp4,588,1,317,346,387,375,propagated:0.988
/Users/bround/Documents/Projects/GimbalProject/test_videos/f2_13_IR_dji_mavic_2.mp4,589,1,317,346,387,375,propagated:0.990
/Users/bround/Documents/Projects/GimbalProject/test_videos/f2_13_IR_dji_mavic_2.mp4,590,1,316,346,386,375,propagated:0.992
/Users/bround/Documents/Projects/GimbalProject/test_videos/f2_13_IR_dji_mavic_2.mp4,591,1,316,348,386,377,propagated:0.986
/Users/bround/Documents/Projects/GimbalProject/test_videos/f2_13_IR_dji_mavic_2.mp4,592,1,315,348,385,377,propagated:0.990
/Users/bround/Documents/Projects/GimbalProject/test_videos/f2_13_IR_dji_mavic_2.mp4,593,1,315,347,385,376,propagated:0.991
/Users/bround/Documents/Projects/GimbalProject/test_videos/f2_13_IR_dji_mavic_2.mp4,594,1,315,347,385,376,propagated:0.993
/Users/bround/Documents/Projects/GimbalProject/test_videos/f2_13_IR_dji_mavic_2.mp4,595,1,314,347,384,376,propagated:0.994
/Users/bround/Documents/Projects/GimbalProject/test_videos/f2_13_IR_dji_mavic_2.mp4,596,1,314,346,384,375,propagated:0.993
/Users/bround/Documents/Projects/GimbalProject/test_videos/f2_13_IR_dji_mavic_2.mp4,597,1,314,345,384,374,propagated:0.995
/Users/bround/Documents/Projects/GimbalProject/test_videos/f2_13_IR_dji_mavic_2.mp4,598,1,314,344,384,373,propagated:0.993
/Users/bround/Documents/Projects/GimbalProject/test_videos/f2_13_IR_dji_mavic_2.mp4,599,1,314,342,384,371,propagated:0.990
/Users/bround/Documents/Projects/GimbalProject/test_videos/f2_13_IR_dji_mavic_2.mp4,600,1,315,340,385,369,propagated:0.991
/Users/bround/Documents/Projects/GimbalProject/test_videos/f2_13_IR_dji_mavic_2.mp4,601,1,317,338,387,367,propagated:0.986
/Users/bround/Documents/Projects/GimbalProject/test_videos/f2_13_IR_dji_mavic_2.mp4,602,1,321,335,391,364,propagated:0.992
/Users/bround/Documents/Projects/GimbalProject/test_videos/f2_13_IR_dji_mavic_2.mp4,603,1,327,333,397,362,propagated:0.991
/Users/bround/Documents/Projects/GimbalProject/test_videos/f2_13_IR_dji_mavic_2.mp4,604,1,330,330,400,359,propagated:0.996
/Users/bround/Documents/Projects/GimbalProject/test_videos/f2_13_IR_dji_mavic_2.mp4,605,1,334,326,404,355,propagated:0.994
/Users/bround/Documents/Projects/GimbalProject/test_videos/f2_13_IR_dji_mavic_2.mp4,606,1,337,323,407,352,propagated:0.993
/Users/bround/Documents/Projects/GimbalProject/test_videos/f2_13_IR_dji_mavic_2.mp4,607,1,338,321,408,350,propagated:0.984
/Users/bround/Documents/Projects/GimbalProject/test_videos/f2_13_IR_dji_mavic_2.mp4,608,1,339,320,409,349,propagated:0.986
/Users/bround/Documents/Projects/GimbalProject/test_videos/f2_13_IR_dji_mavic_2.mp4,609,1,339,319,409,348,propagated:0.979
/Users/bround/Documents/Projects/GimbalProject/test_videos/f2_13_IR_dji_mavic_2.mp4,610,1,339,320,409,349,propagated:0.979
/Users/bround/Documents/Projects/GimbalProject/test_videos/f2_13_IR_dji_mavic_2.mp4,611,1,338,319,408,348,propagated:0.975
/Users/bround/Documents/Projects/GimbalProject/test_videos/f2_13_IR_dji_mavic_2.mp4,612,1,338,318,408,347,propagated:0.969
/Users/bround/Documents/Projects/GimbalProject/test_videos/f2_13_IR_dji_mavic_2.mp4,613,1,337,319,407,348,propagated:0.974
/Users/bround/Documents/Projects/GimbalProject/test_videos/f2_13_IR_dji_mavic_2.mp4,614,1,336,320,406,349,propagated:0.976
/Users/bround/Documents/Projects/GimbalProject/test_videos/f2_13_IR_dji_mavic_2.mp4,615,1,335,320,405,349,propagated:0.980
/Users/bround/Documents/Projects/GimbalProject/test_videos/f2_13_IR_dji_mavic_2.mp4,616,1,334,320,404,349,propagated:0.976
/Users/bround/Documents/Projects/GimbalProject/test_videos/f2_13_IR_dji_mavic_2.mp4,617,1,333,320,403,349,propagated:0.982
/Users/bround/Documents/Projects/GimbalProject/test_videos/f2_13_IR_dji_mavic_2.mp4,618,1,332,320,402,349,propagated:0.978
/Users/bround/Documents/Projects/GimbalProject/test_videos/f2_13_IR_dji_mavic_2.mp4,619,1,331,319,401,348,propagated:0.985
/Users/bround/Documents/Projects/GimbalProject/test_videos/f2_13_IR_dji_mavic_2.mp4,620,1,331,317,401,346,propagated:0.991
/Users/bround/Documents/Projects/GimbalProject/test_videos/f2_13_IR_dji_mavic_2.mp4,621,1,332,318,402,347,propagated:0.991
/Users/bround/Documents/Projects/GimbalProject/test_videos/f2_13_IR_dji_mavic_2.mp4,622,1,334,318,404,347,propagated:0.994
/Users/bround/Documents/Projects/GimbalProject/test_videos/f2_13_IR_dji_mavic_2.mp4,623,1,333,316,403,345,propagated:0.992
/Users/bround/Documents/Projects/GimbalProject/test_videos/f2_13_IR_dji_mavic_2.mp4,624,1,331,312,401,341,propagated:0.992
/Users/bround/Documents/Projects/GimbalProject/test_videos/f2_13_IR_dji_mavic_2.mp4,625,1,330,308,400,337,propagated:0.992
/Users/bround/Documents/Projects/GimbalProject/test_videos/f2_13_IR_dji_mavic_2.mp4,626,1,329,304,399,333,propagated:0.990
/Users/bround/Documents/Projects/GimbalProject/test_videos/f2_13_IR_dji_mavic_2.mp4,627,1,328,298,398,327,propagated:0.987
/Users/bround/Documents/Projects/GimbalProject/test_videos/f2_13_IR_dji_mavic_2.mp4,628,1,326,294,396,323,propagated:0.994
/Users/bround/Documents/Projects/GimbalProject/test_videos/f2_13_IR_dji_mavic_2.mp4,629,1,323,290,393,319,propagated:0.988
/Users/bround/Documents/Projects/GimbalProject/test_videos/f2_13_IR_dji_mavic_2.mp4,630,1,320,287,390,316,propagated:0.992
/Users/bround/Documents/Projects/GimbalProject/test_videos/f2_13_IR_dji_mavic_2.mp4,631,1,316,286,386,315,propagated:0.993
/Users/bround/Documents/Projects/GimbalProject/test_videos/f2_13_IR_dji_mavic_2.mp4,632,1,312,283,382,312,propagated:0.984
/Users/bround/Documents/Projects/GimbalProject/test_videos/f2_13_IR_dji_mavic_2.mp4,633,1,308,280,378,309,propagated:0.984
/Users/bround/Documents/Projects/GimbalProject/test_videos/f2_13_IR_dji_mavic_2.mp4,634,1,304,277,374,306,propagated:0.984
/Users/bround/Documents/Projects/GimbalProject/test_videos/f2_13_IR_dji_mavic_2.mp4,635,1,300,274,370,303,propagated:0.988
/Users/bround/Documents/Projects/GimbalProject/test_videos/f2_13_IR_dji_mavic_2.mp4,636,1,296,270,366,299,propagated:0.991
/Users/bround/Documents/Projects/GimbalProject/test_videos/f2_13_IR_dji_mavic_2.mp4,637,1,293,268,363,297,propagated:0.985
/Users/bround/Documents/Projects/GimbalProject/test_videos/f2_13_IR_dji_mavic_2.mp4,638,1,292,264,362,293,propagated:0.993
/Users/bround/Documents/Projects/GimbalProject/test_videos/f2_13_IR_dji_mavic_2.mp4,639,1,289,263,359,292,propagated:0.989
/Users/bround/Documents/Projects/GimbalProject/test_videos/f2_13_IR_dji_mavic_2.mp4,640,1,285,263,355,292,propagated:0.992
/Users/bround/Documents/Projects/GimbalProject/test_videos/f2_13_IR_dji_mavic_2.mp4,641,1,281,261,351,290,propagated:0.993
/Users/bround/Documents/Projects/GimbalProject/test_videos/f2_13_IR_dji_mavic_2.mp4,642,1,276,259,346,288,propagated:0.986
/Users/bround/Documents/Projects/GimbalProject/test_videos/f2_13_IR_dji_mavic_2.mp4,643,1,272,258,342,287,propagated:0.994
/Users/bround/Documents/Projects/GimbalProject/test_videos/f2_13_IR_dji_mavic_2.mp4,644,1,269,255,339,284,propagated:0.989
/Users/bround/Documents/Projects/GimbalProject/test_videos/f2_13_IR_dji_mavic_2.mp4,645,1,266,250,336,279,propagated:0.995
/Users/bround/Documents/Projects/GimbalProject/test_videos/f2_13_IR_dji_mavic_2.mp4,646,1,261,246,331,275,propagated:0.996
/Users/bround/Documents/Projects/GimbalProject/test_videos/f2_13_IR_dji_mavic_2.mp4,647,1,255,244,325,273,propagated:0.992
/Users/bround/Documents/Projects/GimbalProject/test_videos/f2_13_IR_dji_mavic_2.mp4,648,1,250,244,320,273,propagated:0.982
/Users/bround/Documents/Projects/GimbalProject/test_videos/f2_13_IR_dji_mavic_2.mp4,649,1,244,242,314,271,propagated:0.993
/Users/bround/Documents/Projects/GimbalProject/test_videos/f2_13_IR_dji_mavic_2.mp4,650,1,238,239,308,268,propagated:0.994
/Users/bround/Documents/Projects/GimbalProject/test_videos/f2_13_IR_dji_mavic_2.mp4,651,1,232,235,302,264,propagated:0.994
/Users/bround/Documents/Projects/GimbalProject/test_videos/f2_13_IR_dji_mavic_2.mp4,652,1,226,230,296,259,propagated:0.987
/Users/bround/Documents/Projects/GimbalProject/test_videos/f2_13_IR_dji_mavic_2.mp4,653,1,219,225,289,254,propagated:0.987
/Users/bround/Documents/Projects/GimbalProject/test_videos/f2_13_IR_dji_mavic_2.mp4,654,1,213,222,283,251,propagated:0.986
/Users/bround/Documents/Projects/GimbalProject/test_videos/f2_13_IR_dji_mavic_2.mp4,655,1,207,221,277,250,propagated:0.987
/Users/bround/Documents/Projects/GimbalProject/test_videos/f2_13_IR_dji_mavic_2.mp4,656,1,200,217,270,246,propagated:0.992
/Users/bround/Documents/Projects/GimbalProject/test_videos/f2_13_IR_dji_mavic_2.mp4,657,1,195,214,265,243,propagated:0.986
/Users/bround/Documents/Projects/GimbalProject/test_videos/f2_13_IR_dji_mavic_2.mp4,658,1,196,212,266,241,propagated:0.990
/Users/bround/Documents/Projects/GimbalProject/test_videos/f2_13_IR_dji_mavic_2.mp4,659,1,191,211,261,240,propagated:0.988
/Users/bround/Documents/Projects/GimbalProject/test_videos/f2_13_IR_dji_mavic_2.mp4,660,1,185,208,255,237,propagated:0.989
/Users/bround/Documents/Projects/GimbalProject/test_videos/f2_13_IR_dji_mavic_2.mp4,661,1,179,205,249,234,propagated:0.992
/Users/bround/Documents/Projects/GimbalProject/test_videos/f2_13_IR_dji_mavic_2.mp4,662,1,174,204,244,233,propagated:0.986
/Users/bround/Documents/Projects/GimbalProject/test_videos/f2_13_IR_dji_mavic_2.mp4,663,1,169,202,239,231,propagated:0.989
/Users/bround/Documents/Projects/GimbalProject/test_videos/f2_13_IR_dji_mavic_2.mp4,664,1,164,201,234,230,propagated:0.989
/Users/bround/Documents/Projects/GimbalProject/test_videos/f2_13_IR_dji_mavic_2.mp4,665,1,158,198,228,227,propagated:0.989
/Users/bround/Documents/Projects/GimbalProject/test_videos/f2_13_IR_dji_mavic_2.mp4,666,1,151,197,221,226,propagated:0.988
/Users/bround/Documents/Projects/GimbalProject/test_videos/f2_13_IR_dji_mavic_2.mp4,667,1,145,196,215,225,propagated:0.995
/Users/bround/Documents/Projects/GimbalProject/test_videos/f2_13_IR_dji_mavic_2.mp4,668,1,144,194,214,223,propagated:0.990
/Users/bround/Documents/Projects/GimbalProject/test_videos/f2_13_IR_dji_mavic_2.mp4,669,1,144,193,214,222,propagated:0.993
/Users/bround/Documents/Projects/GimbalProject/test_videos/f2_13_IR_dji_mavic_2.mp4,670,1,143,189,213,218,propagated:0.996
/Users/bround/Documents/Projects/GimbalProject/test_videos/f2_13_IR_dji_mavic_2.mp4,671,1,138,188,208,217,propagated:0.987
/Users/bround/Documents/Projects/GimbalProject/test_videos/f2_13_IR_dji_mavic_2.mp4,672,1,130,186,200,215,propagated:0.989
/Users/bround/Documents/Projects/GimbalProject/test_videos/f2_13_IR_dji_mavic_2.mp4,673,1,122,185,192,214,propagated:0.989
/Users/bround/Documents/Projects/GimbalProject/test_videos/f2_13_IR_dji_mavic_2.mp4,674,1,114,183,184,212,propagated:0.986
/Users/bround/Documents/Projects/GimbalProject/test_videos/f2_13_IR_dji_mavic_2.mp4,675,1,105,183,175,212,propagated:0.992
/Users/bround/Documents/Projects/GimbalProject/test_videos/f2_13_IR_dji_mavic_2.mp4,676,1,97,182,167,211,propagated:0.986
/Users/bround/Documents/Projects/GimbalProject/test_videos/f2_13_IR_dji_mavic_2.mp4,677,1,88,179,158,208,propagated:0.994
/Users/bround/Documents/Projects/GimbalProject/test_videos/f2_13_IR_dji_mavic_2.mp4,678,1,80,178,150,207,propagated:0.993
/Users/bround/Documents/Projects/GimbalProject/test_videos/f2_13_IR_dji_mavic_2.mp4,679,1,72,177,142,206,propagated:0.994
/Users/bround/Documents/Projects/GimbalProject/test_videos/f2_13_IR_dji_mavic_2.mp4,680,1,66,175,136,204,propagated:0.995
/Users/bround/Documents/Projects/GimbalProject/test_videos/f2_13_IR_dji_mavic_2.mp4,681,1,63,173,133,202,propagated:0.993
/Users/bround/Documents/Projects/GimbalProject/test_videos/f2_13_IR_dji_mavic_2.mp4,682,1,59,172,129,201,propagated:0.993
/Users/bround/Documents/Projects/GimbalProject/test_videos/f2_13_IR_dji_mavic_2.mp4,683,1,55,170,125,199,propagated:0.995
/Users/bround/Documents/Projects/GimbalProject/test_videos/f2_13_IR_dji_mavic_2.mp4,684,1,51,168,121,197,propagated:0.994
/Users/bround/Documents/Projects/GimbalProject/test_videos/f2_13_IR_dji_mavic_2.mp4,685,1,47,166,117,195,propagated:0.996
/Users/bround/Documents/Projects/GimbalProject/test_videos/f2_13_IR_dji_mavic_2.mp4,686,1,46,164,116,193,propagated:0.996
/Users/bround/Documents/Projects/GimbalProject/test_videos/f2_13_IR_dji_mavic_2.mp4,687,1,48,163,118,192,propagated:0.996
/Users/bround/Documents/Projects/GimbalProject/test_videos/f2_13_IR_dji_mavic_2.mp4,688,1,51,162,121,191,propagated:0.997
/Users/bround/Documents/Projects/GimbalProject/test_videos/f2_13_IR_dji_mavic_2.mp4,689,1,57,161,127,190,propagated:0.995
/Users/bround/Documents/Projects/GimbalProject/test_videos/f2_13_IR_dji_mavic_2.mp4,690,1,65,160,135,189,propagated:0.991
/Users/bround/Documents/Projects/GimbalProject/test_videos/f2_13_IR_dji_mavic_2.mp4,691,1,69,159,139,188,propagated:0.997
/Users/bround/Documents/Projects/GimbalProject/test_videos/f2_13_IR_dji_mavic_2.mp4,692,1,73,158,143,187,propagated:0.996
/Users/bround/Documents/Projects/GimbalProject/test_videos/f2_13_IR_dji_mavic_2.mp4,693,1,87,159,157,188,propagated:0.985
/Users/bround/Documents/Projects/GimbalProject/test_videos/f2_13_IR_dji_mavic_2.mp4,694,1,110,164,180,193,propagated:0.970
/Users/bround/Documents/Projects/GimbalProject/test_videos/f2_13_IR_dji_mavic_2.mp4,695,1,139,175,209,204,propagated:0.954
/Users/bround/Documents/Projects/GimbalProject/test_videos/f2_13_IR_dji_mavic_2.mp4,696,1,161,189,231,218,propagated:0.973
/Users/bround/Documents/Projects/GimbalProject/test_videos/f2_13_IR_dji_mavic_2.mp4,697,1,177,198,247,227,propagated:0.985
/Users/bround/Documents/Projects/GimbalProject/test_videos/f2_13_IR_dji_mavic_2.mp4,698,1,181,202,251,231,propagated:0.978
/Users/bround/Documents/Projects/GimbalProject/test_videos/f2_13_IR_dji_mavic_2.mp4,699,1,173,203,243,232,propagated:0.987
/Users/bround/Documents/Projects/GimbalProject/test_videos/f2_13_IR_dji_mavic_2.mp4,700,1,164,205,234,234,propagated:0.983
/Users/bround/Documents/Projects/GimbalProject/test_videos/f2_13_IR_dji_mavic_2.mp4,701,1,159,210,229,239,propagated:0.986
/Users/bround/Documents/Projects/GimbalProject/test_videos/f2_13_IR_dji_mavic_2.mp4,702,1,164,216,234,245,propagated:0.985
/Users/bround/Documents/Projects/GimbalProject/test_videos/f2_13_IR_dji_mavic_2.mp4,703,1,173,223,243,252,propagated:0.976
/Users/bround/Documents/Projects/GimbalProject/test_videos/f2_13_IR_dji_mavic_2.mp4,704,1,183,230,253,259,propagated:0.978
/Users/bround/Documents/Projects/GimbalProject/test_videos/f2_13_IR_dji_mavic_2.mp4,705,1,190,236,260,265,propagated:0.984
/Users/bround/Documents/Projects/GimbalProject/test_videos/f2_13_IR_dji_mavic_2.mp4,706,1,197,239,267,268,propagated:0.982
/Users/bround/Documents/Projects/GimbalProject/test_videos/f2_13_IR_dji_mavic_2.mp4,707,1,200,242,270,271,propagated:0.983
/Users/bround/Documents/Projects/GimbalProject/test_videos/f2_13_IR_dji_mavic_2.mp4,708,1,207,243,277,272,propagated:0.977
/Users/bround/Documents/Projects/GimbalProject/test_videos/f2_13_IR_dji_mavic_2.mp4,709,1,211,249,281,278,propagated:0.976
/Users/bround/Documents/Projects/GimbalProject/test_videos/f2_13_IR_dji_mavic_2.mp4,710,1,213,259,283,288,propagated:0.963
/Users/bround/Documents/Projects/GimbalProject/test_videos/f2_13_IR_dji_mavic_2.mp4,711,1,219,269,289,298,propagated:0.964
/Users/bround/Documents/Projects/GimbalProject/test_videos/f2_13_IR_dji_mavic_2.mp4,712,1,231,278,301,307,propagated:0.959
/Users/bround/Documents/Projects/GimbalProject/test_videos/f2_13_IR_dji_mavic_2.mp4,713,1,251,286,321,315,propagated:0.954
/Users/bround/Documents/Projects/GimbalProject/test_videos/f2_13_IR_dji_mavic_2.mp4,714,1,267,297,337,326,propagated:0.951
/Users/bround/Documents/Projects/GimbalProject/test_videos/f2_13_IR_dji_mavic_2.mp4,715,1,288,304,358,333,propagated:0.959
/Users/bround/Documents/Projects/GimbalProject/test_videos/f2_13_IR_dji_mavic_2.mp4,716,1,307,311,377,340,propagated:0.965
/Users/bround/Documents/Projects/GimbalProject/test_videos/f2_13_IR_dji_mavic_2.mp4,717,1,329,318,399,347,propagated:0.971
/Users/bround/Documents/Projects/GimbalProject/test_videos/f2_13_IR_dji_mavic_2.mp4,718,1,351,321,421,350,propagated:0.969
/Users/bround/Documents/Projects/GimbalProject/test_videos/f2_13_IR_dji_mavic_2.mp4,719,1,370,323,440,352,propagated:0.972
/Users/bround/Documents/Projects/GimbalProject/test_videos/f2_13_IR_dji_mavic_2.mp4,720,1,379,328,449,357,propagated:0.981
/Users/bround/Documents/Projects/GimbalProject/test_videos/f2_13_IR_dji_mavic_2.mp4,721,1,387,332,457,361,propagated:0.988
/Users/bround/Documents/Projects/GimbalProject/test_videos/f2_13_IR_dji_mavic_2.mp4,722,1,392,341,462,370,propagated:0.984
/Users/bround/Documents/Projects/GimbalProject/test_videos/f2_13_IR_dji_mavic_2.mp4,723,1,397,350,467,379,propagated:0.988
/Users/bround/Documents/Projects/GimbalProject/test_videos/f2_13_IR_dji_mavic_2.mp4,724,1,406,357,476,386,propagated:0.995
/Users/bround/Documents/Projects/GimbalProject/test_videos/f2_13_IR_dji_mavic_2.mp4,725,1,418,361,488,390,propagated:0.986
/Users/bround/Documents/Projects/GimbalProject/test_videos/f2_13_IR_dji_mavic_2.mp4,726,1,427,362,497,391,propagated:0.988
/Users/bround/Documents/Projects/GimbalProject/test_videos/f2_13_IR_dji_mavic_2.mp4,727,1,429,362,499,391,propagated:0.985
/Users/bround/Documents/Projects/GimbalProject/test_videos/f2_13_IR_dji_mavic_2.mp4,728,1,429,359,499,388,propagated:0.994
/Users/bround/Documents/Projects/GimbalProject/test_videos/f2_13_IR_dji_mavic_2.mp4,729,1,425,356,495,385,propagated:0.988
/Users/bround/Documents/Projects/GimbalProject/test_videos/f2_13_IR_dji_mavic_2.mp4,730,1,420,357,490,386,propagated:0.991
/Users/bround/Documents/Projects/GimbalProject/test_videos/f2_13_IR_dji_mavic_2.mp4,731,1,417,358,487,387,propagated:0.992
/Users/bround/Documents/Projects/GimbalProject/test_videos/f2_13_IR_dji_mavic_2.mp4,732,1,413,360,483,389,propagated:0.992
/Users/bround/Documents/Projects/GimbalProject/test_videos/f2_13_IR_dji_mavic_2.mp4,733,1,407,359,477,388,propagated:0.979
/Users/bround/Documents/Projects/GimbalProject/test_videos/f2_13_IR_dji_mavic_2.mp4,734,1,396,352,466,381,propagated:0.935
/Users/bround/Documents/Projects/GimbalProject/test_videos/f2_13_IR_dji_mavic_2.mp4,735,1,383,340,453,369,propagated:0.889
/Users/bround/Documents/Projects/GimbalProject/test_videos/f2_13_IR_dji_mavic_2.mp4,736,1,370,329,440,358,propagated:0.895
/Users/bround/Documents/Projects/GimbalProject/test_videos/f2_13_IR_dji_mavic_2.mp4,737,1,358,322,428,351,propagated:0.920
/Users/bround/Documents/Projects/GimbalProject/test_videos/f2_13_IR_dji_mavic_2.mp4,738,1,352,319,422,348,propagated:0.950
/Users/bround/Documents/Projects/GimbalProject/test_videos/f2_13_IR_dji_mavic_2.mp4,739,1,352,315,422,344,propagated:0.950
/Users/bround/Documents/Projects/GimbalProject/test_videos/f2_13_IR_dji_mavic_2.mp4,740,1,354,310,424,339,propagated:0.960
/Users/bround/Documents/Projects/GimbalProject/test_videos/f2_13_IR_dji_mavic_2.mp4,741,1,353,304,423,333,propagated:0.965
/Users/bround/Documents/Projects/GimbalProject/test_videos/f2_13_IR_dji_mavic_2.mp4,742,1,350,295,420,324,propagated:0.943
/Users/bround/Documents/Projects/GimbalProject/test_videos/f2_13_IR_dji_mavic_2.mp4,743,1,342,283,412,312,propagated:0.903
/Users/bround/Documents/Projects/GimbalProject/test_videos/f2_13_IR_dji_mavic_2.mp4,744,1,333,268,403,297,propagated:0.914
/Users/bround/Documents/Projects/GimbalProject/test_videos/f2_13_IR_dji_mavic_2.mp4,745,1,323,254,393,283,propagated:0.935
/Users/bround/Documents/Projects/GimbalProject/test_videos/f2_13_IR_dji_mavic_2.mp4,746,1,316,242,386,271,propagated:0.958
/Users/bround/Documents/Projects/GimbalProject/test_videos/f2_13_IR_dji_mavic_2.mp4,747,1,309,238,379,267,propagated:0.966
/Users/bround/Documents/Projects/GimbalProject/test_videos/f2_13_IR_dji_mavic_2.mp4,748,1,303,238,373,267,propagated:0.958
/Users/bround/Documents/Projects/GimbalProject/test_videos/f2_13_IR_dji_mavic_2.mp4,749,1,302,236,372,265,propagated:0.957
/Users/bround/Documents/Projects/GimbalProject/test_videos/f2_13_IR_dji_mavic_2.mp4,750,1,304,229,374,258,propagated:0.964
/Users/bround/Documents/Projects/GimbalProject/test_videos/f2_13_IR_dji_mavic_2.mp4,751,1,307,216,377,245,propagated:0.966
/Users/bround/Documents/Projects/GimbalProject/test_videos/f2_13_IR_dji_mavic_2.mp4,752,1,307,201,377,230,propagated:0.975
/Users/bround/Documents/Projects/GimbalProject/test_videos/f2_13_IR_dji_mavic_2.mp4,753,1,299,189,369,218,propagated:0.963
/Users/bround/Documents/Projects/GimbalProject/test_videos/f2_13_IR_dji_mavic_2.mp4,754,1,283,177,353,206,propagated:0.964
/Users/bround/Documents/Projects/GimbalProject/test_videos/f2_13_IR_dji_mavic_2.mp4,755,1,267,167,337,196,propagated:0.967
/Users/bround/Documents/Projects/GimbalProject/test_videos/f2_13_IR_dji_mavic_2.mp4,756,1,251,158,321,187,propagated:0.960
/Users/bround/Documents/Projects/GimbalProject/test_videos/f2_13_IR_dji_mavic_2.mp4,757,1,235,150,305,179,propagated:0.968
/Users/bround/Documents/Projects/GimbalProject/test_videos/f2_13_IR_dji_mavic_2.mp4,758,1,220,143,290,172,propagated:0.969
/Users/bround/Documents/Projects/GimbalProject/test_videos/f2_13_IR_dji_mavic_2.mp4,759,1,205,139,275,168,propagated:0.962
/Users/bround/Documents/Projects/GimbalProject/test_videos/f2_13_IR_dji_mavic_2.mp4,760,1,190,134,260,163,propagated:0.974
/Users/bround/Documents/Projects/GimbalProject/test_videos/f2_13_IR_dji_mavic_2.mp4,761,1,177,129,247,158,propagated:0.976
/Users/bround/Documents/Projects/GimbalProject/test_videos/f2_13_IR_dji_mavic_2.mp4,762,1,165,122,235,151,propagated:0.980
/Users/bround/Documents/Projects/GimbalProject/test_videos/f2_13_IR_dji_mavic_2.mp4,763,1,152,116,222,145,propagated:0.981
/Users/bround/Documents/Projects/GimbalProject/test_videos/f2_13_IR_dji_mavic_2.mp4,764,1,139,111,209,140,propagated:0.976
/Users/bround/Documents/Projects/GimbalProject/test_videos/f2_13_IR_dji_mavic_2.mp4,765,1,126,106,196,135,propagated:0.984
/Users/bround/Documents/Projects/GimbalProject/test_videos/f2_13_IR_dji_mavic_2.mp4,766,1,113,101,183,130,propagated:0.979
/Users/bround/Documents/Projects/GimbalProject/test_videos/f2_13_IR_dji_mavic_2.mp4,767,1,102,96,172,125,propagated:0.984
/Users/bround/Documents/Projects/GimbalProject/test_videos/f2_13_IR_dji_mavic_2.mp4,768,1,95,94,165,123,propagated:0.979
/Users/bround/Documents/Projects/GimbalProject/test_videos/f2_13_IR_dji_mavic_2.mp4,769,1,91,95,161,124,propagated:0.985
/Users/bround/Documents/Projects/GimbalProject/test_videos/f2_13_IR_dji_mavic_2.mp4,770,1,92,99,162,128,propagated:0.990
/Users/bround/Documents/Projects/GimbalProject/test_videos/f2_13_IR_dji_mavic_2.mp4,771,1,98,101,168,130,propagated:0.992
/Users/bround/Documents/Projects/GimbalProject/test_videos/f2_13_IR_dji_mavic_2.mp4,772,1,102,99,172,128,propagated:0.991
/Users/bround/Documents/Projects/GimbalProject/test_videos/f2_13_IR_dji_mavic_2.mp4,773,1,95,93,165,122,propagated:0.994
/Users/bround/Documents/Projects/GimbalProject/test_videos/f2_13_IR_dji_mavic_2.mp4,774,1,81,82,151,111,propagated:0.984
/Users/bround/Documents/Projects/GimbalProject/test_videos/f2_13_IR_dji_mavic_2.mp4,775,1,67,75,137,104,propagated:0.992
/Users/bround/Documents/Projects/GimbalProject/test_videos/f2_13_IR_dji_mavic_2.mp4,776,1,56,74,126,103,propagated:0.988
/Users/bround/Documents/Projects/GimbalProject/test_videos/f2_13_IR_dji_mavic_2.mp4,777,1,49,75,119,104,propagated:0.991
/Users/bround/Documents/Projects/GimbalProject/test_videos/f2_13_IR_dji_mavic_2.mp4,778,1,44,72,114,101,propagated:0.990
/Users/bround/Documents/Projects/GimbalProject/test_videos/f2_13_IR_dji_mavic_2.mp4,779,1,40,67,110,96,propagated:0.992
/Users/bround/Documents/Projects/GimbalProject/test_videos/f2_13_IR_dji_mavic_2.mp4,780,1,34,58,104,87,propagated:0.992
/Users/bround/Documents/Projects/GimbalProject/test_videos/f2_13_IR_dji_mavic_2.mp4,781,1,28,53,98,82,propagated:0.992
/Users/bround/Documents/Projects/GimbalProject/test_videos/f2_13_IR_dji_mavic_2.mp4,782,1,22,53,92,82,propagated:0.991
/Users/bround/Documents/Projects/GimbalProject/test_videos/f2_13_IR_dji_mavic_2.mp4,783,1,17,57,87,86,propagated:0.991
/Users/bround/Documents/Projects/GimbalProject/test_videos/f2_13_IR_dji_mavic_2.mp4,784,1,13,63,83,92,propagated:0.992
/Users/bround/Documents/Projects/GimbalProject/test_videos/f2_13_IR_dji_mavic_2.mp4,785,1,9,65,79,94,propagated:0.991
/Users/bround/Documents/Projects/GimbalProject/test_videos/f2_13_IR_dji_mavic_2.mp4,786,1,4,60,74,89,propagated:0.990
/Users/bround/Documents/Projects/GimbalProject/test_videos/f2_13_IR_dji_mavic_2.mp4,787,1,0,53,70,82,propagated:0.904
/Users/bround/Documents/Projects/GimbalProject/test_videos/f2_13_IR_dji_mavic_2.mp4,788,1,0,48,70,77,propagated:0.732
/Users/bround/Documents/Projects/GimbalProject/test_videos/f2_13_IR_dji_mavic_2.mp4,789,1,0,48,70,77,propagated:0.695
/Users/bround/Documents/Projects/GimbalProject/test_videos/f2_13_IR_dji_mavic_2.mp4,790,1,0,50,70,79,propagated:0.740
/Users/bround/Documents/Projects/GimbalProject/test_videos/f2_13_IR_dji_mavic_2.mp4,791,1,0,52,70,81,propagated:0.828
/Users/bround/Documents/Projects/GimbalProject/test_videos/f2_13_IR_dji_mavic_2.mp4,792,1,0,54,70,83,propagated:0.895
/Users/bround/Documents/Projects/GimbalProject/test_videos/f2_13_IR_dji_mavic_2.mp4,793,1,2,56,72,85,propagated:0.928
/Users/bround/Documents/Projects/GimbalProject/test_videos/f2_13_IR_dji_mavic_2.mp4,794,1,4,61,74,90,propagated:0.947
/Users/bround/Documents/Projects/GimbalProject/test_videos/f2_13_IR_dji_mavic_2.mp4,795,1,7,68,77,97,propagated:0.963
/Users/bround/Documents/Projects/GimbalProject/test_videos/f2_13_IR_dji_mavic_2.mp4,796,1,11,77,81,106,propagated:0.975
/Users/bround/Documents/Projects/GimbalProject/test_videos/f2_13_IR_dji_mavic_2.mp4,797,1,14,86,84,115,propagated:0.979
/Users/bround/Documents/Projects/GimbalProject/test_videos/f2_13_IR_dji_mavic_2.mp4,798,1,18,95,88,124,propagated:0.986
/Users/bround/Documents/Projects/GimbalProject/test_videos/f2_13_IR_dji_mavic_2.mp4,799,1,22,103,92,132,propagated:0.986
/Users/bround/Documents/Projects/GimbalProject/test_videos/f2_13_IR_dji_mavic_2.mp4,800,1,26,113,96,142,propagated:0.989
/Users/bround/Documents/Projects/GimbalProject/test_videos/f2_13_IR_dji_mavic_2.mp4,801,1,30,125,100,154,propagated:0.988
/Users/bround/Documents/Projects/GimbalProject/test_videos/f2_13_IR_dji_mavic_2.mp4,802,1,34,135,104,164,propagated:0.986
/Users/bround/Documents/Projects/GimbalProject/test_videos/f2_13_IR_dji_mavic_2.mp4,803,1,41,149,111,178,propagated:0.988
/Users/bround/Documents/Projects/GimbalProject/test_videos/f2_13_IR_dji_mavic_2.mp4,804,1,49,162,119,191,propagated:0.985
/Users/bround/Documents/Projects/GimbalProject/test_videos/f2_13_IR_dji_mavic_2.mp4,805,1,58,176,128,205,propagated:0.985
/Users/bround/Documents/Projects/GimbalProject/test_videos/f2_13_IR_dji_mavic_2.mp4,806,1,64,191,134,220,propagated:0.982
/Users/bround/Documents/Projects/GimbalProject/test_videos/f2_13_IR_dji_mavic_2.mp4,807,1,64,200,134,229,propagated:0.978
/Users/bround/Documents/Projects/GimbalProject/test_videos/f2_13_IR_dji_mavic_2.mp4,808,1,55,199,125,228,propagated:0.975
/Users/bround/Documents/Projects/GimbalProject/test_videos/f2_13_IR_dji_mavic_2.mp4,809,1,41,190,111,219,propagated:0.984
/Users/bround/Documents/Projects/GimbalProject/test_videos/f2_13_IR_dji_mavic_2.mp4,810,1,31,188,101,217,propagated:0.985
/Users/bround/Documents/Projects/GimbalProject/test_videos/f2_13_IR_dji_mavic_2.mp4,811,1,0,198,103,228,manual
